,0,1,2,3
0,디글러 더크/(The Diggler Dirk) 19/노멀/#더 디글러,한손 피해: 4 - 13/요구 레벨: 11/필요 민첩: 25/내구도: 20/기본 무기 속도: [0]/피해 50% 증가/대상의 방어력 무시/공격 속도 +30%/냉기 저항 +25%/화염 저항 +25%/민첩 +10,-,대거
1,속임수 대거/(Gull Dagger) 23/노멀/#걸,한손 피해: 2 - 19/요구 레벨: 4/내구도: 16/기본 무기 속도: [-20]/피해 1 - 15 추가/마법 아이템 발견 확률 100% 증가/마나 -5,-,대거
2,비취 단도 크리스/(The Jade Tan Do Kris) 13/노멀/#아사달의 단도,한손 피해: 2 - 11/요구 레벨: 19/필요 민첩: 45/내구도: 24/기본 무기 속도: [-20]/명중률 +100-150/독 피해 180 추가 (4초에 걸쳐)/독 저항 +95%/최대 독 저항 +20%/빙결되지 않음,-,대거
3,혼령 파편 블레이드/(Spectral Shard Blade) 23/노멀/#스팩트럴 샤드,한손 피해: 4 - 15/요구 레벨: 25/필요 힘: 35/필요 민첩: 51/내구도: 24/기본 무기 속도: [-10]/시전 속도 +50%/명중률 +55/모든 저항 +10/마나 +50,-,대거
4,척추적출자 포이나드/(Spineripper Poignard) 19/익셉셔널/#스파인리퍼,한손 피해: (33-35) - (81-88)/요구 레벨: 32/필요 힘: 25/내구도: 16/기본 무기 속도: [-20]/피해 200 - 240% 증가/피해 15 - 27 추가/공격 속도 +15%/+1 모든 강령술사 기술 레벨/괴물 회복 저지/대상의 방어력 무시/적중당 생명력 8% 훔침/민첩 +10,-,대거
5,심장 도리개 런들/(Heart Carver Rondel) 20/익셉셔널/#하트 카버,한손 피해: (44-49) - (110-123)/요구 레벨: 36/필요 힘: 25/필요 민첩: 58/내구도: 20/기본 무기 속도: [0]/피해 190 - 240% 증가/피해 15 - 35 추가/치명적 공격 35%/대상의 방어력 무시/+4 섬뜩한 호신부 (야만용사 전용)/+4 아이템 발견 (야만용사 전용)/+4 물약 발견 (야만용사 전용),-,대거
6,블랙보그의 날붙이 싱쿠디아/(Blackbog's Sharp Cinquedeas) 20/익셉셔널/#블랙보그의 샤프,한손 피해: 30 - 76/요구 레벨: 38/필요 힘: 25/필요 민첩: 88/내구도: 24/기본 무기 속도: [-20]/독 피해 488 추가 (10초에 걸쳐)/피해 15 - 45 추가/공격 속도 +30%/대상 감속 50%/방어력 +50/+4 포이즌 노바 (강령술사 전용)/+4 포이즌 익스플로전 (강령술사 전용)/+5 포이즌 대거 (강령술사 전용),-,대거
7,폭풍쐐기 스틸레토/(Stormspike Stiletto) 12/익셉셔널/#스톰스파이크,한손 피해: 47 - 90/요구 레벨: 41/필요 힘: 47/필요 민첩: 97/내구도: 24/기본 무기 속도: [-10]/피해 150% 증가/번개 피해 1-120 추가/피격 시 25% 확률로 레벨 3 번개 줄기 시전/번개 저항 +1 - 99 (캐릭터 레벨당 1)/공격자가 번개 피해를 20 받음,-,대거
8,마법사의 쐐기검 본 나이프/(Wizardspike Bone Knife) 118/엘리트/#위저드스파이크,한손 피해: 23 - 49/요구 레벨: 61/필요 힘: 38/필요 민첩: 75/기본 무기 속도: [-20]/마나 +2-198 (캐릭터 레벨당 2)/시전 속도 +50%/마나 재생 +15%/최대 마나 15% 증가/모든 저항 +75/파괴되지 않음,-,대거
9,유령불꽃 레전드 스파이크/(Ghostflame Legend Spike) 6/엘리트/#고스트플레임,한손 피해: (133-156) - (203-238)/요구 레벨: 66/필요 힘: 55/필요 민첩: 57/기본 무기 속도: [-10]/피해 190 - 240% 증가/대상의 방어력 무시/마법 피해 108 추가/적중당 마나 10-15% 훔침/시야 +2/파괴되지 않음/무형 (수리 불가),-,대거
10,살점갈퀴 팽드 나이프/(Fleshripper Fanged Knife) 20/엘리트/#플레쉬리퍼,한손 피해: (45-60) - (174-228)/요구 레벨: 68/필요 힘: 42/필요 민첩: 86/내구도: 36/기본 무기 속도: [-20]/피해 200 - 300% 증가/대상의 방어력 -50%/강타 확률 +25%/치명적 공격 33%/상처 악화 확률 50%/괴물 회복 저지/대상 감속 20%,-,대거
11,릭소트의 날카로움 숏소드/(Rixot's Keen Short Sword) 10/노멀/#릭잣즈 킨,한손 피해: 9 - 14/요구 레벨: 2/내구도: 24/기본 무기 속도: [0]/피해 100% 증가/최소 피해 +5/강타 확률 +25%/명중률 보너스 20%/방어력 +25/시야 +2,-,한손검
12,피의 초승달 시미터/(Blood Crescent Scimitar) 9/노멀/#블러드 크레센트,한손 피해: 3 - (9-10)/요구 레벨: 7/필요 민첩: 21/내구도: 22/기본 무기 속도: [-20]/피해 60 - 80% 증가/상처 악화 확률 33%/공격 속도 +15%/적중당 생명력 15% 훔침/모든 저항 +15/생명력 +15/시야 +4,-,한손검
13,크린티즈의 꼬챙이 세이버/(Skewer of Krintiz Sabre) 10/노멀/#스큐어 오브 크린티즈,한손 피해: 7 - 19/요구 레벨: 10/필요 힘: 25/필요 민첩: 25/내구도: 32/기본 무기 속도: [-10]/피해 50% 증가/피해 3 - 7 추가/대상의 방어력 무시/적중당 마나 7% 훔침/민첩 +10/힘 +10,-,한손검
14,서광칼낫 펄션/(Gleamscythe Falchion) 8/노멀/#글림싸이드,한손 피해: (14-18) - (27-34)/요구 레벨: 13/필요 힘: 33/내구도: 32/기본 무기 속도: [20]/피해 60 - 100% 증가/냉기 피해 3 - 5 추가 (2초에 걸쳐)/공격 속도 +20%/방어력 +20/마나 +30/시야 +3,-,한손검
15,그리스월드의 날 브로드소드/(Griswold's Edge Broad Sword) 11/노멀/#그리스월즈 엣지,한손 피해: (12-15) - (25-30)/요구 레벨: 17/필요 힘: 48/내구도: 32/기본 무기 속도: [0]/피해 80 - 120% 증가/화염 피해 (10-12) - (15-25) 추가/공격 속도 +10%/명중률 +100/힘 +12/밀쳐내기,-,한손검
16,지옥역병 롱소드/(Hellplague Long Sword) 20/노멀/#헬플레이그,한손 피해: 5 - (32-34)/요구 레벨: 22/필요 힘: 55/필요 민첩: 39/내구도: 44/기본 무기 속도: [-10]/피해 70 - 80% 증가/+2 모든 화염 주문 기술 레벨/화염 피해 25 - 75 추가/독 피해 28 - 56 추가 (6초에 걸쳐)/적중당 생명력 5% 훔침/적중당 마나 5% 훔침,-,한손검
17,컬웬의 날붙이 워 소드/(Culwen's Point War Sword) 25/노멀/#컬웬즈 포인트,한손 피해: (13-14) - (34-36)/요구 레벨: 29/필요 힘: 71/필요 민첩: 45/내구도: 44/기본 무기 속도: [0]/피해 70 - 80% 증가/+1 모든 기술 레벨/독 지속 시간 50% 감소/공격 속도 +20%/타격 회복 속도 +20%/명중률 +60,-,한손검
18,유혈자 글래디우스/(Bloodletter Gladius) 70/익셉셔널/#블러드레터,한손 피해: 31 - 97/요구 레벨: 30/필요 힘: 25/내구도: 54/기본 무기 속도: [0]/피해 140% 증가/피해 12 - 45 추가/명중률 +90/공격 속도 +20%/지구력 고갈 속도 10% 감소/적중당 생명력 8% 훔침/+1-3 소용돌이 (야만용사 전용)/+2-4 검 숙련 (야만용사 전용),-,한손검
19,얼음강철 눈 커틀래스/(Coldsteel Eye Cutlass) 20/익셉셔널/#콜드스틸,한손 피해: (24-28) - (63-73)/요구 레벨: 31/필요 힘: 25/필요 민첩: 52/내구도: 72/기본 무기 속도: [-30]/피해 200 - 250% 증가/치명적 공격 50%/공격 속도 +20%/적중당 마나 6% 훔침/대상 감속 30%/적중 시 대상 실명,-,한손검
20,사술불길 샴쉬르/(Hexfire Shamshir) 16/익셉셔널/#헥스파이어,한손 피해: (59-61) - (97-102)/요구 레벨: 33/필요 힘: 58/필요 민첩: 58/내구도: 32/기본 무기 속도: [-10]/피해 140 - 160% 증가/피해 35 - 40 추가/+3 모든 화염 기술 레벨/6 레벨 히드라 (충전 36회)/대상의 방어력 무시/화염 저항 +25%/최대 화염 저항 +10%,-,한손검
21,알리바바의 칼날 털워/(Blade Of Ali Baba Tulwar) 66/익셉셔널/#블레이드 오브 알리바바,한손 피해: (25-35) - (56-77)/요구 레벨: 35/필요 힘: 70/필요 민첩: 42/내구도: 32/기본 무기 속도: [20]/피해 60 - 120% 증가/괴물에게서 얻는 금화 2 - 247% 증가 (캐릭터 레벨당 2.5)/마법 아이템 발견 확률 1-99% 증가 (캐릭터 레벨당 1)/마나 +15/민첩 +5-15/홈 있음 (2),삥 야만용사(삥 바바리안)/금박 허리띠 (Goldwrap)/왜성 (Dwarf Star)/행운의 장갑 (Chance Guards)/마라의 만화경 (Mara's Kaleidoscope)/지옥불걸음 (Infernostride)/도둑의 왕관 (Crown of Thieves),한손검
22,긴터의 균열 디멘셔널 블레이드/(Ginther's Rift Dimensional Blade) 28/익셉셔널/#진저스 리프트,한손 피해: (26-32) - (70-87)/요구 레벨: 37/필요 힘: 85/필요 민첩: 60/내구도: 60/기본 무기 속도: [0]/피해 100 - 150% 증가/마법 피해 50-120 추가/공격 속도 +30%/마법 피해 7-12 감소/내구도 1 회복 (5초마다),-,한손검
23,머리분쇄기 배틀 소드/(Headstriker Battle Sword) 15/익셉셔널/#헤드스트라이커,한손 피해: 40 - (86-184)/요구 레벨: 39/필요 힘: 92/필요 민첩: 43/내구도: 32/기본 무기 속도: [0]/피해 150% 증가/최대 피해 +1 - 99 (캐릭터 레벨당 1)/치명적 공격 1 - 148% (캐릭터 레벨당 1.5)/괴물 회복 저지/힘 +15,-,한손검
24,역병 유발자 룬 소드/(Plague Bearer Rune Sword) 24/익셉셔널/#플레이그 베어러,한손 피해: 35 - 150/요구 레벨: 41/필요 힘: 103/필요 민첩: 79/내구도: 44/기본 무기 속도: [-10]/피해 150% 증가/피해 10 - 45 추가/독 피해 30 추가 (8초에 걸쳐)/타격 시 5% 확률로 레벨 4 포이즌 노바 시전/독 저항 +45%/+5 광견병 (드루이드 전용),-,한손검
25,아틀란티안 에인션트 소드/(The Atlantean Ancient Sword) 17/익셉셔널/#애틀랜티언,한손 피해: (54-63) - (129-150)/요구 레벨: 42/필요 힘: 127/필요 민첩: 88/내구도: 144/기본 무기 속도: [0]/피해 200 - 250% 증가/+2 모든 성기사 기술 레벨/명중률 보너스 50%/방어력 +75/활력 +8/민첩 +12/힘 +16,-,한손검
26,라이트세이버 페이즈 블레이드/(Lightsabre Phase Blade) 114/엘리트/#구라세,한손 피해: (87-103) - (117-135)/요구 레벨: 58/필요 힘: 25/필요 민첩: 136/기본 무기 속도: [-30]/피해 150 - 200% 증가/피해 10 - 30 추가/마법 피해 60-120 추가/번개 피해 1-200 추가/적중당 마나 5-7% 훔침/공격 시 5% 확률로 레벨 14-20 연쇄 번개 시전/공격 속도 +20%/대상의 방어력 무시/번개 피해 25 흡수/시야 +7,-,한손검
27,핏빛 달 엘리건트 블레이드/(Bloodmoon Elegant Blade) 10/엘리트/#블러드문,한손 피해: (102-118) - (139-162)/요구 레벨: 61/필요 힘: 109/필요 민첩: 122/내구도: 32/기본 무기 속도: [-10]/피해 210 - 260% 증가/적중당 생명력 10-15% 훔침/상처 악화 확률 50%/적 처치 시 생명력 +7-13/15 레벨 피 골렘 (충전 9회),-,한손검
28,신령 학살자 아타그한/(Djinn Slayer Ataghan) 69/엘리트/#진 슬레이어,한손 피해: (75-88) - (133-156)/요구 레벨: 65/필요 힘: 138/필요 민첩: 95/내구도: 22/기본 무기 속도: [-20]/피해 190 - 240% 증가/악마에게 주는 피해 +100-150%/화염 피해 250 - 500 추가/적중당 마나 3-6% 훔침/번개 피해 3 - 7 흡수/악마에 대한 명중률 +200-300/홈 있음 (1-2)/(래더 전용),-,한손검
29,서리바람 크립틱 소드/(Frostwind Cryptic Sword) 8/엘리트/#프로스트윈드,한손 피해: (14-16) - (215-254)/요구 레벨: 70/필요 힘: 99/필요 민첩: 109/기본 무기 속도: [-10]/피해 180 - 230% 증가/냉기 피해 237 - 486 추가 (6초에 걸쳐)/+7-14 극지 돌풍/대상 빙결 +4/냉기 피해 7 - 15 흡수/빙결 지속시간 절반으로 감소/공격 속도 +25%,-,한손검
30,푸른 서슬 페이즈 블레이드/(Azurewrath Phase Blade) 106/엘리트/#에이저래쓰 #신라세,한손 피해: (102-114) - (115-129)/요구 레벨: 85/필요 힘: 25/필요 민첩: 136/기본 무기 속도: [-30]/피해 230 - 270% 증가/공격 속도 +30%/마법 피해 250-500 추가/냉기 피해 250 - 500 추가 (10초에 걸쳐)/+1 모든 기술 레벨/모든 능력치 +5-10/10-13 레벨 성역/시야 +3/(래더 전용),킥 암살자(킥 어쌔신)/불사조(쉴드) (Phoenix)/수수께끼 (Enigma)/마라의 만화경 (Mara's Kaleidoscope)/그림자 춤꾼 (Shadow Dancer)/강철찢개 (Steelrend),한손검
31,그림자송곳니 투핸드 소드/(Shadowfang Two-handed Sword) 14/노멀/#쉐도우팽,한손 피해: 4 - 18/양손 피해: 16 - 34/요구 레벨: 12/필요 힘: 35/필요 민첩: 27/내구도: 44/기본 무기 속도: [0]/피해 100% 증가/냉기 피해 10 - 30 추가 (6초에 걸쳐)/적중당 마나 9% 훔침/적중당 생명력 9% 훔침/냉기 저항 +20%/시야 -2,-,양손검
32,영혼난도 클레이모어/(Soulflay Claymore) 18/노멀/#소울플레이,한손 피해: (8-10) - (20-24)/양손 피해: (22-26) - (51-60)/요구 레벨: 19/필요 힘: 47/내구도: 50/기본 무기 속도: [10]/피해 70 - 100% 증가/공격 속도 +10%/적중당 생명력 4% 훔침/적중당 마나 4-10% 훔침/모든 저항 +5,-,양손검
33,키네밀의 송곳 자이언트 소드/(Kinemil's Awl Giant Sword) 15/노멀/#키네밀즈 얼,한손 피해: (5-6) - (28-32)/양손 피해: (16-18) - (50-56)/요구 레벨: 23/필요 힘: 56/필요 민첩: 34/내구도: 50/기본 무기 속도: [0]/피해 80 - 100% 증가/명중률 +100-150/화염 피해 6 - (20-40) 추가/마나 +20/+6 신성한 불꽃 (성기사 전용),-,양손검
34,검은혀 바스타드 소드/(Blacktongue Bastard Sword) 11/노멀/#블랙텅,한손 피해: (10-11) - (28-30)/양손 피해: (30-32) - (42-44)/요구 레벨: 26/필요 힘: 62/내구도: 40/기본 무기 속도: [10]/피해 50 - 60% 증가/독 피해 113 추가 (6초에 걸쳐)/괴물 회복 저지/명중률 +50/독 저항 +50%,-,양손검
35,톱날검 플랑베르쥬/(Ripsaw Flamberge) 5/노멀/#립서어,한손 피해: (16-18) - (42-45)/양손 피해: (23-26) - (61-67)/요구 레벨: 26/필요 힘: 70/필요 민첩: 49/내구도: 50/기본 무기 속도: [-10]/피해 80 - 100% 증가/최대 피해 +15/상처 악화 확률 80%/적중당 마나 6% 훔침,-,양손검
36,장로 그레이트 소드/(The Patriarch Great Sword) 16/노멀/#더 페이트리악,한손 피해: (24-26) - (40-44)/양손 피해: (50-55) - (84-92)/요구 레벨: 29/필요 힘: 100/필요 민첩: 60/내구도: 50/기본 무기 속도: [10]/피해 100 - 120% 증가/적중 시 대상 실명/힘 +10/괴물에게서 얻는 금화 100% 증가/마법 피해 3 감소/피해 3 감소,-,양손검
37,공포 구토자 에스팬돈/(Crainte Vomir Espandon) 24/익셉셔널/#크래인트 보미르,한손 피해: (20-24) - (67-78)/양손 피해: (46-54) - (104-120)/요구 레벨: 42/필요 힘: 73/필요 민첩: 61/내구도: 44/기본 무기 속도: [0]/피해 160 - 200% 증가/공격 속도 +50%/대상 감속 35%/적중 시 괴물 방어력 -70/달리기/걷기 속도 +20%/피해 10% 감소,-,양손검
38,얼음의 왕 다키안 팔크스/(Bing Sz Wang Dacian Falx) 19/익셉셔널/#빙 쯔 왕,한손 피해: (29-33) - (69-78)/양손 피해: (59-67) - (140-158)/요구 레벨: 43/필요 힘: 64/필요 민첩: 14/내구도: 50/기본 무기 속도: [10]/피해 130 - 160% 증가/냉기 피해 50 - 140 추가 (3초에 걸쳐)/타격 시 5% 확률로 레벨 3 얼음 보주 시전/대상 빙결 +2/착용 조건 -30%/힘 +20,-,양손검
39,지독한 껍질 터스크소드/(The Vile Husk Tusk Sword) 12/익셉셔널/#바일 하스크,한손 피해: (25-30) - (92-111)/양손 피해: (47-57) - (145-174)/요구 레벨: 44/필요 힘: 104/필요 민첩: 71/내구도: 50/기본 무기 속도: [0]/피해 150 - 200% 증가/언데드에게 주는 피해 +7 - 742% (캐릭터 레벨당 7.5)/언데드에 대한 명중률 +10-990 (캐릭터 레벨당 10)/독 피해 250 추가 (6초에 걸쳐)/타격 시 6% 확률로 레벨 1 피해 증폭 시전/독 저항 +50%,-,양손검
40,구름가르개 고딕 소드/(Cloudcrack Gothic Sword) 16/익셉셔널/#클라우드크랙,한손 피해: (35-42) - (100-120)/양손 피해: (97-117) - (150-180)/요구 레벨: 45/필요 힘: 113/필요 민첩: 20/내구도: 40/기본 무기 속도: [10]/피해 150 - 200% 증가/타격 시 6% 확률로 레벨 7 천상의 주먹 시전/번개 피해 1-240 추가/최대 번개 저항 +10%/방어력 +30/공격자가 번개 피해를 15 받음/+2 모든 방어 오라 기술 레벨 (성기사 전용)/+2 모든 공격 오라 기술 레벨 (성기사 전용)/시야 +2,-,양손검
41,검막이 엑시큐셔너 소드/(Swordguard Executioner Sword) 21/익셉셔널/#소드가드,한손 피해: (64-67) - (108-112)/양손 피해: (126-131) - (216-224)/요구 레벨: 48/필요 힘: 85/필요 민첩: 55/내구도: 50/기본 무기 속도: [10]/피해 170 - 180% 증가/방어력 +5 - 495 (캐릭터 레벨당 5)/받는 피해의 30%만큼 마나 회복/착용 조건 -50%/모든 저항 +10-20/타격 회복 속도 +20%/막기 확률 20% 증가/원거리 공격 방어력 +100/근거리 공격 방어력 +200,-,양손검
42,죽음나락 불길 즈바이핸더/(Todesfaelle Flamme Zweihander) 18/익셉셔널/#토즈팰러 플램,한손 피해: (41-49) - (77-91)/양손 피해: (63-75) - (118-140)/내구도: 50/요구 레벨: 46/필요 힘: 125/필요 민첩: 94/기본 무기 속도: [-10]/피해 120 - 160% 증가/화염 피해 50 - 200 추가/공격 시 10% 확률로 레벨 6 화염구 시전/10 레벨 화염벽 (충전 20회)/10 레벨 마법부여 (충전 45회)/화염 피해 10 흡수/화염 저항 +40%,-,양손검
43,궤멸자 챔피언 소드/(Doombringer Champion Sword) 39/엘리트/#둠브링거,한손 피해: (97-114) - (251-289)/양손 피해: (228-278) - (332-390)/요구 레벨: 69/필요 힘: 163/필요 민첩: 103/기본 무기 속도: [-10]/피해 180 - 250% 증가/피해 30 - 100 추가/타격 시 8% 확률로 레벨 3 약화 시전/명중률 보너스 40%/최대 생명력 20% 증가/적중당 생명력 5-7% 훔침/파괴되지 않음,-,양손검
44,기염검 발록 블레이드/(Flamebellow Balrog Blade) 22/엘리트/#플레임벨로우,한손 피해: (40-51) - (202-255)/양손 피해: (148-187) - (318-401)/요구 레벨: 71/필요 힘: 185/필요 민첩: 87/기본 무기 속도: [0]/피해 170 - 240% 증가/화염 피해 233 - 482 추가/+3 모든 화염 기술 레벨/+12-18 지옥불/힘 +10-20/활력 +5-10/타격 시 12% 확률로 레벨 16 화염폭풍 시전/화염 피해 20 - 30 흡수,-,양손검
45,한아비 콜로서스 블레이드/(The Grandfather Colossus Blade) 44/엘리트/#그랜다파더 #할배검,한손 피해: (62-87) - (164-474)/양손 피해: (145-203) - (289-649)/요구 레벨: 81/필요 힘: 189/필요 민첩: 110/기본 무기 속도: [5]/피해 150 - 250% 증가/최대 피해 +2 - 247 (캐릭터 레벨당 2.5)/명중률 보너스 50%/생명력 +80/모든 능력치 +20/파괴되지 않음,-,양손검
46,쓰러진 참나무 클럽/(Felloak Club) 3/노멀/#펠오크,한손 피해: 1 - 10/요구 레벨: 3/내구도: 24/기본 무기 속도: [-10]/피해 70 - 80% 증가/언데드에게 주는 피해 +50%/화염 피해 6 - 8 추가/밀쳐내기/번개 저항 +60%/화염 저항 +20%,-,클럽
47,굵은못 스파이크 클럽/(Stoutnail Spiked Club) 5/노멀/#스타우트네일,한손 피해: 10 - 16/요구 레벨: 5/내구도: 36/기본 무기 속도: [0]/피해 100% 증가/언데드에게 주는 피해 +50%/활력 +7/공격자가 피해를 3-10 받음/마법 피해 2 감소,-,클럽
48,어둠의 일족 분쇄자 커절/(Dark Clan Crusher Cudgel) 23/익셉셔널/#다크 클랜 크러셔,한손 피해: 17 - 61/요구 레벨: 34/필요 힘: 25/내구도: 24/기본 무기 속도: [-10]/피해 195% 증가/악마에게 주는 피해 +200%/언데드에게 주는 피해 +50%/악마에 대한 명중률 +200/명중률 보너스 20-25%/악마 처치 시 생명력 +15/+2 모든 드루이드 기술 레벨,-,클럽
49,살점 분쇄봉 바브드 클럽/(Fleshrender Barbed Club) 24/익셉셔널/#플레쉬랜더,한손 피해: (64-74) - (107-125)/요구 레벨: 38/필요 힘: 30/내구도: 56/기본 무기 속도: [0]/피해 130 - 200% 증가/피해 35 - 50 추가/언데드에게 주는 피해 +50%/치명적 공격 20%/강타 확률 +20%/상처 악화 확률 25%/+1 모든 드루이드 기술 레벨/+2 모든 변신 기술 레벨 (드루이드 전용)/괴물 회복 저지,-,클럽
50,악마의 사지 타이런트 클럽/(Demon Limb Tyrant Club) 109/엘리트/#데몬 림 #인챈봉,한손 피해: (89-105) - (162-191)/요구 레벨: 63/필요 힘: 133/내구도: 65/기본 무기 속도: [0]/피해 180 - 230% 증가/언데드에게 주는 피해 +50%/악마에게 주는 피해 +123%/화염 피해 222 - 333 추가/적중당 생명력 7-13% 훔침/화염 저항 +15-20%/23 레벨 마법부여 (충전 20회)/내구도 1 회복 (20초마다),-,클럽
51,노르드의 고기 방망이 트런천/(Nord's Tenderizer Truncheon) 21/엘리트/#노드의 텐더라이저,한손 피해: (129-150) - (159-184)/요구 레벨: 68/필요 힘: 88/필요 민첩: 43/내구도: 55/기본 무기 속도: [-10]/피해 270 - 330% 증가/언데드에게 주는 피해 +50%/냉기 피해 205 - 455 추가 (5초에 걸쳐)/대상 빙결 +2-4/냉기 피해 5 - 15 흡수/공격 속도 +25%/16 레벨 눈보라 (충전 12회)/명중률 보너스 150-180%,-,클럽
52,분쇄테 메이스/(Crushflange Mace) 12/노멀/#크러쉬플랜지,한손 피해: 4 - (15-16)/요구 레벨: 9/필요 힘: 27/내구도: 60/기본 무기 속도: [0]/피해 50 - 60% 증가/언데드에게 주는 피해 +50%/강타 확률 +33%/밀쳐내기/화염 저항 +50%/힘 +15/시야 +2,-,메이스
53,피오름 모닝 스타/(Bloodrise Morning Star) 20/노멀/#블러드라이즈,한손 피해: 15 - 35/요구 레벨: 15/필요 힘: 36/내구도: 72/기본 무기 속도: [10]/피해 120% 증가/언데드에게 주는 피해 +50%/상처 악화 확률 25%/공격 속도 +10%/적중당 생명력 5% 훔침/명중률 보너스 50%/+3 희생 (성기사 전용)/시야 +2,-,메이스
54,장군의 단도리깨 프레일/(The General's Tan Do Li Ga Flail) 17/노멀/#치우천왕의 철퇴,한손 피해: 2 - (56-58)/요구 레벨: 21/필요 힘: 41/필요 민첩: 35/내구도: 30/기본 무기 속도: [-10]/피해 50 - 60% 증가/언데드에게 주는 피해 +50%/피해 1 - 20 추가/공격 속도 +20%/적중당 마나 5% 훔침/대상 감속 50%/방어력 +25,-,메이스
55,외마디 서리 플랜지드 메이스/(Sureshrill Frost Flanged Mace) 11/익셉셔널/#수어쉬릴 프로스트,한손 피해: (42-47) - (67-74)/요구 레벨: 39/필요 힘: 61/내구도: 60/기본 무기 속도: [0]/피해 150 - 180% 증가/피해 5 - 10 추가/언데드에게 주는 피해 +50%/냉기 피해 63 - 112 추가 (5초에 걸쳐)/대상 빙결 +3/9 레벨 얼음 보주 (충전 50회)/빙결되지 않음,-,메이스
56,달내림 재기드 스타/(Moonfall Jagged Star) 6/익셉셔널/#문폴,한손 피해: (54-60) - (83-92)/요구 레벨: 42/필요 힘: 74/내구도: 72/기본 무기 속도: [10]/피해 120 - 150% 증가/피해 10 - 15 추가/언데드에게 주는 피해 +50%/화염 피해 55 - 115 추가/타격 시 5% 확률로 레벨 6 운석 낙하 시전/11 레벨 운석 낙하 (충전 60회)/마법 피해 9-12 감소/시야 +2,-,메이스
57,배질의 소용돌이 나우트/(Baezil's Vortex Knout) 17/익셉셔널/#배질의 보어텍스,한손 피해: (33-39) - (91-105)/요구 레벨: 45/필요 힘: 82/필요 민첩: 73/내구도: 30/기본 무기 속도: [-10]/피해 160 - 200% 증가/언데드에게 주는 피해 +50%/번개 피해 1-150 추가/공격 속도 +20%/타격 시 5% 확률로 레벨 8 번개 파장 시전/15 레벨 번개 파장 (충전 80회)/번개 저항 +25%/마나 +100,-,메이스
58,지평선의 회오리 스컬지/(Horizon's Tornado Scourge) 20/엘리트/#호라즌의 토네이도,한손 피해: (9-11) - (264-304)/요구 레벨: 64/필요 힘: 100/필요 민첩: 62/내구도: 65/기본 무기 속도: [-10]/피해 230 - 280% 증가/언데드에게 주는 피해 +50%/공격 속도 +50%/대상 감속 20%/타격 시 20% 확률로 레벨 15 회오리바람 시전/착용 조건 -20%,-,메이스
59,바라나르의 별 데빌 스타/(Baranar's Star Devil Star) 37/엘리트/#바라나의 별,한손 피해: 129 - 159/요구 레벨: 65/필요 힘: 153/필요 민첩: 44/내구도: 172/기본 무기 속도: [10]/피해 200% 증가/언데드에게 주는 피해 +50%/화염 피해 1 - 200 추가/번개 피해 1-200 추가/냉기 피해 1 - 200 추가 (0-7초에 걸쳐)/공격 속도 +50%/명중률 보너스 200%/민첩 +15/힘 +15,-,메이스
60,폭풍채찍 스컬지/(Stormlash Scourge) 40/엘리트/#스톰래쉬,한손 피해: (10-12) - (272-320)/요구 레벨: 82/필요 힘: 125/필요 민첩: 77/내구도: 65/기본 무기 속도: [-10]/피해 240 - 300% 증가/언데드에게 주는 피해 +50%/번개 피해 1-473 추가/공격 속도 +30%/강타 확률 +33%/타격 시 20% 확률로 레벨 18 회오리바람 시전/타격 시 15% 확률로 레벨 10 전자기장 시전/번개 피해 3 - 9 흡수/공격자가 번개 피해를 30 받음,킥 암살자(킥 어쌔신)/불사조(쉴드) (Phoenix)/수수께끼 (Enigma)/마라의 만화경 (Mara's Kaleidoscope)/그림자 춤꾼 (Shadow Dancer)/강철찢개 (Steelrend),메이스
61,뼈절단기 마울/(Bonesnap Maul) 15/노멀/#본스냅,양손 피해: (90-120) - (129-172)/요구 레벨: 24/필요 힘: 69/내구도: 60/기본 무기 속도: [10]/피해 200 - 300% 증가/언데드에게 주는 피해 +100%/강타 확률 +40%/냉기 저항 +30%/화염 저항 +30%,-,해머
62,무쇠돌 워해머/(Ironstone War Hammer) 7/노멀/#아이언스톤,한손 피해: (38-47) - (58-72)/요구 레벨: 27/필요 힘: 53/내구도: 55/기본 무기 속도: [20]/피해 100 - 150% 증가/언데드에게 주는 피해 +50%/번개 피해 1-10 추가/명중률 +100-150/힘 +10,-,해머
63,강철박이 그레이트 마울/(Steeldriver Great Maul) 8/노멀/#스틸드라이버,양손 피해: (95-133) - (145-203)/요구 레벨: 29/필요 힘: 50/내구도: 60/기본 무기 속도: [20]/피해 150 - 250% 증가/언데드에게 주는 피해 +50%/공격 속도 +40%/착용 조건 -50%/지구력 회복 +25%,-,해머
64,대지진의 망치 배틀해머/(Earthshaker Battle Hammer) 7/익셉셔널/#어스쉐이커,한손 피해: 98 - 162/요구 레벨: 43/필요 힘: 100/내구도: 105/기본 무기 속도: [20]/피해 180% 증가/언데드에게 주는 피해 +50%/타격 시 5% 확률로 레벨 7 균열 시전/공격 속도 +30%/적중 시 대상 실명/밀쳐내기/+3 모든 원소 기술 레벨 (드루이드 전용),-,해머
65,피나무 그루터기 워클럽/(Bloodtree Stump War Club) 16/익셉셔널/#블러드트리 스텀프,양손 피해: (148-169) - (218-249)/요구 레벨: 48/필요 힘: 124/내구도: 100/기본 무기 속도: [10]/피해 180 - 220% 증가/언데드에게 주는 피해 +50%/강타 확률 +50%/모든 저항 +20/힘 +25/+2 모든 전투숙련 기술 레벨 (야만용사 전용)/+3 철퇴 숙련 (야만용사 전용),-,해머
66,고통의 망치 마르텔 드페르/(The Gavel Of Pain Martel De Fer) 40/익셉셔널/#게벌 오브 페인,양손 피해: (152-170) - (257-287)/요구 레벨: 45/필요 힘: 169/기본 무기 속도: [20]/피해 130 - 160% 증가/피해 12 - 30 추가/언데드에게 주는 피해 +50%/피격 시 5% 확률로 레벨 1 가시 박힌 철관 시전/타격 시 5% 확률로 레벨 1 피해 증폭 시전/8 레벨 피해 증폭 (충전 3회)/공격자가 피해를 26 받음/파괴되지 않음,-,해머
67,돌 분쇄자 레전더리 맬릿/(Stone Crusher Legendary Mallet) 63/엘리트/#스톤 크러셔,한손 피해: (190-210) - (231-256)/요구 레벨: 68/필요 힘: 189/내구도: 65/기본 무기 속도: [20]/피해 280 - 320% 증가/피해 10 - 30 추가/언데드에게 주는 피해 +50%/대상의 방어력 -25%/강타 확률 +40%/적중 시 괴물 방어력 -100/힘 +20-30,-,해머
68,바람망치 오우거 마울/(Windhammer Ogre Maul) 52/엘리트/#윈드해머,양손 피해: (215-254) - (296-349)/요구 레벨: 68/필요 힘: 225/내구도: 60/기본 무기 속도: [10]/피해 180 - 230% 증가/강타 확률 +50%/공격 속도 +60%/타격 시 33% 확률로 레벨 22 돌개바람 시전/언데드에게 주는 피해 +50%,-,해머
69,대지 변형자 썬더 마울/(Earth Shifter Thunder Maul) 29/엘리트/#어스쉬프터,양손 피해: (115-132) - (630-720)/요구 레벨: 69/필요 힘: 253/내구도: 60/기본 무기 속도: [20]/타격 시 25% 확률로 14 레벨 균열 시전/원소 기술 +7 (드루이드 전용)/공격 속도 +10%/시전 속도 +10%/피해 +250~300% 증가/강타 확률 33%/14 레벨 화산 (충전 30회/30회)/언데드에게 주는 피해 +50%,-,해머
70,섀퍼의 망치 레전더리 맬릿/(Schaefer's Hammer Legendary Mallet) 36/엘리트/#쉐퍼의 해머,한손 피해: (100-114) - (124-338)/요구 레벨: 79/필요 힘: 189/기본 무기 속도: [20]/피해 100 - 130% 증가/최대 피해 +2 - 198 (캐릭터 레벨당 2)/번개 피해 50-200 추가/언데드에게 주는 피해 +50%/타격 시 20% 확률로 레벨 10 전자기장 시전/공격 속도 +20%/명중률 +8-792 (캐릭터 레벨당 8)/번개 저항 +75%/생명력 +50/시야 +1/파괴되지 않음,-,해머
71,두개골 분쇄망치 썬더 마울/(The Cranium Basher Thunder Maul) 14/엘리트/#크레이니엄 배셔,양손 피해: (119-132) - (560-632)/요구 레벨: 87/필요 힘: 253/기본 무기 속도: [20]/피해 200 - 240% 증가/최소 피해 +20/언데드에게 주는 피해 +50%/강타 확률 +75%/타격 시 4% 확률로 레벨 1 피해 증폭 시전/공격 속도 +20%/모든 저항 +25/힘 +25/최대 피해 +20/파괴되지 않음,-,해머
72,갉아먹는 자 핸드 액스/(The Gnasher Hand Axe) 1/노멀/#더 내셔,한손 피해: (4-5) - (9-10)/요구 레벨: 5/내구도: 28/기본 무기 속도: [0]/피해 60 - 70% 증가/강타 확률 +20%/상처 악화 확률 50%/힘 +8,-,한손도끼
73,죽음의 날 액스/(Deathspade Axe) 13/노멀/#데쓰스페이드,한손 피해: 14 - (17-18)/요구 레벨: 9/필요 힘: 32/내구도: 24/기본 무기 속도: [10]/피해 60 - 70% 증가/최소 피해 +8/명중률 보너스 15%/적중 시 대상 실명/적 처치 시 마나 +4,-,한손도끼
74,칼날뼈 더블 액스/(Bladebone Double Axe) 5/노멀/#블레이드본,한손 피해: (6-7) - (16-19)/요구 레벨: 15/필요 힘: 43/내구도: 24/기본 무기 속도: [10]/피해 30 - 50% 증가/언데드에게 주는 피해 +100%/화염 피해 8 - 12 추가/공격 속도 +20%/언데드에 대한 명중률 +40/방어력 +20,-,한손도끼
75,두개골 절단기 밀리터리 픽/(Skull Splitter Military Pick) 13/노멀/#스컬 스플리터,한손 피해: (11-14) - (17-22)/요구 레벨: 21/필요 힘: 49/필요 민첩: 33/내구도: 26/기본 무기 속도: [-10]/피해 60 - 100% 증가/번개 피해 12-15 추가/명중률 +50-100/상처 악화 확률 15%/적중 시 대상 실명 +2/마나 재생 +20%,-,한손도끼
76,갈퀴흉터 워 액스/(Rakescar War Axe) 8/노멀/#레이크스카,한손 피해: (17-25) - (31-45)/요구 레벨: 27/필요 힘: 67/내구도: 26/기본 무기 속도: [0]/피해 75 - 150% 증가/독 피해 38 추가 (3초에 걸쳐)/공격 속도 +30%/명중률 +50/독 저항 +50%,-,한손도끼
77,차가운 죽음 해칫/(Coldkill Hatchet) 24/익셉셔널/#콜드킬,한손 피해: (25-29) - (52-60)/요구 레벨: 36/필요 힘: 25/필요 민첩: 25/내구도: 28/기본 무기 속도: [0]/피해 150 - 190% 증가/공격 속도 +30%/타격 시 10% 확률로 레벨 10 얼음작렬 시전/피격 시 10% 확률로 레벨 5 서릿발 시전/냉기 피해 40 추가 (2초에 걸쳐)/최대 냉기 저항 +15%/냉기 저항 +15%,-,한손도끼
78,도살자의 제자 클리버/(Butcher's Pupil Cleaver) 49/익셉셔널/#부처의 퓨필,한손 피해: (55-60) - (132-149)/요구 레벨: 39/필요 힘: 68/기본 무기 속도: [10]/피해 150 - 200% 증가/피해 30 - 50 추가/치명적 공격 35%/상처 악화 확률 25%/공격 속도 +30%/파괴되지 않음,-,한손도끼
79,섬습격자 트윈 액스/(Islestrike Twin Axe) 11/익셉셔널/#아일스트라이크,한손 피해: (35-37) - (102-110)/요구 레벨: 43/필요 힘: 85/내구도: 24/기본 무기 속도: [10]/피해 170 - 190% 증가/강타 확률 +25%/+2 모든 드루이드 기술 레벨/원거리 공격 방어력 +50/모든 능력치 +10/+1 분노 (드루이드 전용)/+1 후려치기 (드루이드 전용),-,한손도끼
80,폼페이의 진노 크로우빌/(Pompeii's Wrath Crowbill) 10/익셉셔널/#폼페이의 래쓰,한손 피해: (33-37) - (81-91)/요구 레벨: 45/필요 힘: 94/필요 민첩: 70/내구도: 26/기본 무기 속도: [-10]/피해 140 - 170% 증가/화염 피해 35 - 150 추가/대상 감속 50%/타격 시 4% 확률로 레벨 8 화산 시전/밀쳐내기,-,한손도끼
81,수호자 나가 나가/(Guardian Naga Naga) 17/익셉셔널/#가디안 나가,한손 피해: (40-44) - (132-146)/요구 레벨: 48/필요 힘: 121/내구도: 26/기본 무기 속도: [0]/피해 150 - 180% 증가/최대 피해 +20/독 피해 250 추가 (10초에 걸쳐)/타격 시 5% 확률로 레벨 8 포이즌 노바 시전/독 저항 +30%/공격자가 피해를 15 받음,-,한손도끼
82,학부리 워 스파이크/(Cranebeak War Spike) 27/엘리트/#크레인비크,한손 피해: (102-120) - (163-192)/요구 레벨: 63/필요 힘: 133/필요 민첩: 54/내구도: 26/기본 무기 속도: [-10]/피해 240 - 300% 증가/공격 속도 +40%/대상의 방어력 -25%/번개 피해 1-305 추가/마법 아이템 발견 확률 20-50% 증가/8 레벨 큰까마귀 (충전 15회),-,한손도끼
83,서슬푸른 날붙이 토마호크/(Razor's Edge Tomahawk) 71/엘리트/#레이저스 엣지,한손 피해: (90-107) - (159-188)/요구 레벨: 67/필요 힘: 125/필요 민첩: 67/내구도: 28/기본 무기 속도: [0]/피해 175 - 225% 증가/공격 속도 +40%/대상의 방어력 -33%/치명적 공격 50%/상처 악화 확률 50%,-,한손도끼
84,룬 지배자 에틴 액스/(Rune Master Ettin Axe) 101/엘리트/#룬 마스터,한손 피해: (105-122) - (211-244)/요구 레벨: 72/필요 힘: 145/필요 민첩: 45/내구도: 24/기본 무기 속도: [10]/피해 220 - 270% 증가/최대 냉기 저항 +5%/빙결되지 않음/홈 있음 (3-5)/(래더 전용),-,한손도끼
85,죽음 가르개 버서커 액스/(Death Cleaver Berserker Axe) 13/엘리트/#데쓰 클리버,한손 피해: (79-91) - (234-269)/요구 레벨: 70/필요 힘: 138/필요 민첩: 59/내구도: 26/기본 무기 속도: [0]/피해 230 - 280% 증가/공격 속도 +40%/대상의 방어력 -33%/치명적 공격 66%/적 처치 시 생명력 +6-9/(래더 전용),-,한손도끼
86,페크마르의 도끼 라지 액스/(Axe of Fechmar Large Axe) 4/노멀/#액스 오브 페크마,양손 피해: (10-11) - (22-24)/요구 레벨: 8/필요 힘: 35/내구도: 30/기본 무기 속도: [-10]/피해 70 - 90% 증가/대상 빙결 +3/냉기 저항 +50%/시야 +2,-,양손도끼
87,피투성이삽 브로드 액스/(Goreshovel Broad Axe) 11/노멀/#고어셔벌,양손 피해: (14-15) - (34-36)/요구 레벨: 14/필요 힘: 48/내구도: 35/기본 무기 속도: [0]/피해 40 - 50% 증가/최대 피해 +9/상처 악화 확률 60%/공격 속도 +30%/힘 +25,-,양손도끼
88,족장 배틀 액스/(The Chieftain Battle Axe) 16/노멀/#더 피츠턴,양손 피해: 24 - 64/요구 레벨: 19/필요 힘: 54/내구도: 40/기본 무기 속도: [10]/피해 100% 증가/공격 속도 +20%/번개 피해 1-40 추가/모든 저항 +10-20/적 처치 시 마나 +6,-,양손도끼
89,뇌절단기 그레이트 액스/(Brainhew Great Axe) 9/노멀/#브레인휴,양손 피해: (27-30) - (45-54)/요구 레벨: 25/필요 힘: 63/필요 민첩: 39/내구도: 50/기본 무기 속도: [-10]/피해 50 - 80% 증가/최소 피해 +14/화염 피해 15 - 35 추가/적중당 마나 10-13% 훔침/마나 +25/시야 +4,-,양손도끼
90,무지막지 자이언트 액스/(Humongous Giant Axe) 14/노멀/#휴멍거스,양손 피해: (47-56) - (96-124)/요구 레벨: 29/필요 힘: 84/내구도: 50/기본 무기 속도: [10]/피해 80 - 120% 증가/피해 8 - (15-25) 추가/강타 확률 +33%/착용 조건 -20%/힘 +20-30,-,양손도끼
91,군장의 신뢰 밀리터리 액스/(Warlord's Trust Military Axe) 8/익셉셔널/#워로드의 트러스트,양손 피해: 38 - 93/요구 레벨: 35/필요 힘: 73/내구도: 30/기본 무기 속도: [-10]/피해 175% 증가/내구도 1 회복 (4초마다)/활력 +0-49 (캐릭터 레벨당 0.5)/생명력 회복 +20/모든 저항 +10/방어력 +75,-,양손도끼
92,주문 강철 비어디드 액스/(Spellsteel Bearded Axe) 22/익셉셔널/#스펠스틸,양손 피해: 55 - 129/요구 레벨: 39/필요 힘: 37/내구도: 35/기본 무기 속도: [0]/피해 165% 증가/시전 속도 +10%/착용 조건 -60%/마나 재생 +25%/마나 +100/12 레벨 화염폭풍 (충전 60회)/10 레벨 신성한 빛줄기 (충전 100회)/3 레벨 디크리피파이 (충전 30회)/1 레벨 순간이동 (충전 20회)/마법 피해 12-15 감소,-,양손도끼
93,폭풍 기수 타바/(Stormrider Tabar) 24/익셉셔널/#스톰라이더,양손 피해: 83 - 229/요구 레벨: 41/필요 힘: 101/내구도: 90/기본 무기 속도: [10]/피해 100% 증가/피해 35 - 75 추가/번개 피해 1-200 추가/피격 시 15% 확률로 레벨 5 번개 줄기 시전/타격 시 10% 확률로 레벨 13-20 번개 줄기 시전/타격 시 5% 확률로 레벨 10 연쇄 번개 시전/공격자가 번개 피해를 15 받음,-,양손도끼
94,뼈학살자 칼날 고딕 액스/(Boneslayer Blade Gothic Axe) 16/익셉셔널/#본슬레이어 블레이드,양손 피해: (50-57) - (196-224)/요구 레벨: 42/필요 힘: 115/필요 민첩: 79/내구도: 50/기본 무기 속도: [-10]/피해 180 - 220% 증가/언데드에 대한 명중률 +5-495 (캐릭터 레벨당 5)/언데드에게 주는 피해 +2 - 247% (캐릭터 레벨당 2.5)/피격 시 50% 확률로 레벨 12-20 신성한 빛줄기 시전/20 레벨 신성한 빛줄기 (충전 200회)/공격 속도 +20%/명중률 보너스 35%/힘 +8,-,양손도끼
95,더 미노타우르 에인션트 액스/(The Minotaur Ancient Axe) 12/익셉셔널,양손 피해: (123-149) - (234-285)/요구 레벨: 45/필요 힘: 125/내구도: 50/기본 무기 속도: [10]/피해 140 - 200% 증가/피해 20 - 30 추가/대상 감속 50%/강타 확률 +30%/적중 시 대상 실명 +2/빙결 지속시간 절반으로 감소/힘 +15-20,-,양손도끼
96,지옥학살자 디캐피테이터/(Hellslayer Decapitator) 20/엘리트/#헬슬레이어,양손 피해: 98 - (278-680)/요구 레벨: 66/필요 힘: 189/필요 민첩: 33/내구도: 40/기본 무기 속도: [10]/피해 100% 증가/최대 피해 +3-297 (캐릭터 레벨당 3)/화염 피해 150 - 250 추가/힘 +0-49 (캐릭터 레벨당 0.5)/활력 +0-49 (캐릭터 레벨당 0.5)/생명력 +25/공격 시 10% 확률로 레벨 16-20 화염구 시전,-,양손도끼
97,메서슈미트의 도끼 챔피언 액스/(Messerchmidt's Reaver Champion Axe) 44/엘리트/#메서슈미트의 리버,양손 피해: 177 - (283-514)/요구 레벨: 70/필요 힘: 167/필요 민첩: 59/내구도: 75/기본 무기 속도: [10]/피해 200% 증가/최대 피해 +2-247% (캐릭터 레벨당 2.5)/화염 피해 20 - 240 추가/명중률 보너스 100%/모든 능력치 +15,-,양손도끼
98,무형의 날붙이 실버엣지드 액스/(Ethereal Edge Silver-Edged Axe) 31/엘리트/#에테리얼 엣지,양손 피해: (232-260) - (412-462)/요구 레벨: 74/필요 힘: 156/필요 민첩: 55/기본 무기 속도: [0]/피해 150 - 180% 증가/악마에게 주는 피해 +150-200%/명중률 +270-350/공격 속도 +25%/화염 피해 10 - 12 흡수/악마 처치 시 생명력 +5-10/파괴되지 않음/무형 (수리 불가),-,양손도끼
99,집행자의 정의 글로리어스 액스/(Executioner's Justice Glorious Axe) 23/엘리트/#엑시큐셔너의 저스티스,양손 피해: (204-234) - (421-483)/요구 레벨: 75/필요 힘: 164/필요 민첩: 55/내구도: 50/기본 무기 속도: [10]/피해 240 - 290% 증가/강타 확률 +25%/공격 속도 +30%/대상의 방어력 -33%/적 처치 시 50% 확률로 레벨 6 디크리피파이 시전/(래더 전용),-,양손도끼
100,재앙의 재 숏스태프/(Bane Ash Short Staff) 4/노멀/#베인 애쉬,양손 피해: 1 - (7-8)/요구 레벨: 5/내구도: 20/기본 무기 속도: [-10]/피해 50 - 60% 증가/언데드에게 주는 피해 +50%/공격 속도 +20%/마나 +30/화염 저항 +50%/화염 피해 4 - 6 추가/+5 화염탄 (원소술사 전용)/+2 온기 (원소술사 전용),-,스태프
101,구렁이 군주 롱스태프/(Serpent Lord Long Staff) 7/노멀/#서펀트 로드,양손 피해: 2 - (10-11)/요구 레벨: 9/내구도: 30/기본 무기 속도: [0]/피해 30 - 40% 증가/언데드에게 주는 피해 +50%/독 피해 12 추가 (3초에 걸쳐)/적중당 마나 100% 훔침/대상의 방어력 -50%/마나 +10/독 저항 +50%/시야 -1,-,스태프
102,라자루스의 첨탑 나알드스태프/(Spire of Lazarus Gnarled Staff) 15/노멀/#스파이어 오브 라자루스,양손 피해: 4 - 12/요구 레벨: 18/내구도: 35/기본 무기 속도: [10]/언데드에게 주는 피해 +50%/번개 피해 1-28 추가/+1 모든 원소술사 기술 레벨/+2 번개 (원소술사 전용)/+1 연쇄 번개 (원소술사 전용)/+3 전자기장 (원소술사 전용)/마나 재생 +43%/마력 +15/피해 5 감소/번개 저항 +75%,-,스태프
103,불도마뱀의 발톱 배틀 스태프/(The Salamander Battle Staff) 8/노멀/#더 샐러맨더,양손 피해: 6 - 13/요구 레벨: 21/내구도: 40/기본 무기 속도: [0]/언데드에게 주는 피해 +50%/화염 피해 15 - 32 추가/화염 저항 +30%/+2 모든 화염 주문 기술 레벨/+3 온기 (원소술사 전용)/+2 화염구 (원소술사 전용)/+1 화염벽 (원소술사 전용),-,스태프
104,무쇠 장봉 워 스태프/(The Iron Jang Bong War Staff) 9/노멀/#풍사의 철장봉,양손 피해: 24 - 56/요구 레벨: 28/내구도: 50/기본 무기 속도: [20]/피해 100% 증가/언데드에게 주는 피해 +50%/명중률 보너스 50%/시전 속도 +20%/+2 모든 원소술사 기술 레벨 (원소술사 전용)/+3 서릿발 (원소술사 전용)/+2 불길 (원소술사 전용)/+2 번개 파장 (원소술사 전용)/방어력 +30,-,스태프
105,서슬돌기 조 스태프/(Razorswitch Jo Staff) 10/익셉셔널/#레이저스위치,양손 피해: 6 - 21/요구 레벨: 28/필요 힘: 25/내구도: 20/기본 무기 속도: [-10]/언데드에게 주는 피해 +50%/+1 모든 기술 레벨/시전 속도 +30%/마법 피해 15 감소/모든 저항 +50/마나 +175/생명력 +80/공격자가 피해를 15 받음,-,스태프
106,늑골분쇄기 쿼터스태프/(Ribcracker Quaterstaff) 25/익셉셔널/#립크래커,양손 피해: (54-62) - (143-169)/요구 레벨: 31/필요 힘: 25/내구도: 130/기본 무기 속도: [0]/피해 200 - 300% 증가/피해 30 - 65 추가/언데드에게 주는 피해 +50%/강타 확률 +50%/공격 속도 +50%/타격 회복 속도 +50%/방어력 100% 증가/방어력 +100/민첩 +15,-,스태프
107,찬란한 분노 시더 스태프/(Chromatic Ire Cedar Staff) 15/익셉셔널/#크로마틱 아이어,양손 피해: 11 - 32/요구 레벨: 35/필요 힘: 25/내구도: 35/기본 무기 속도: [10]/언데드에게 주는 피해 +50%/시전 속도 +20%/+3 모든 원소술사 기술 레벨 (원소술사 전용)/최대 생명력 20-25% 증가/모든 저항 +20-40/공격자가 번개 피해를 20 받음/+1 냉기 숙련 (원소술사 전용)/+1 번개 숙련 (원소술사 전용)/+1 화염 숙련 (원소술사 전용),-,스태프
108,왜곡창 고딕 스태프/(Warpspear Gothic Staff) 11/익셉셔널/#워프스피어,양손 피해: 14 - 34/요구 레벨: 39/필요 힘: 25/내구도: 40/기본 무기 속도: [0]/언데드에게 주는 피해 +50%/대상의 방어력 무시/원거리 공격 방어력 +250/+3 모든 원소술사 기술 레벨 (원소술사 전용)/+3 마력 보호막 레벨 (원소술사 전용)/+3 염력 (원소술사 전용)/+3 순간이동 (원소술사 전용),-,스태프
109,두개골 수집가 룬 스태프/(Skull Collector Rune Staff) 8/익셉셔널/#스컬 콜렉터,양손 피해: 24 - 58/요구 레벨: 41/필요 힘: 25/내구도: 50/기본 무기 속도: [20]/언데드에게 주는 피해 +50%/적 처치 시 마나 +20/최대 마나 20% 증가/마법 아이템 발견 확률 1-99% 증가 (캐릭터 레벨당 1)/+2 모든 기술 레벨,-,스태프
110,온달의 지혜 엘더 스태프/(Ondal's Wisdom Elder Staff) 16/엘리트,양손 피해: 80 - 93/요구 레벨: 66/필요 힘: 44/필요 민첩: 37/내구도: 35/기본 무기 속도: [0]/+2-4 모든 기술 레벨/시전 속도 +45%/방어력 +450-550/마력 +40 - 50/마법 피해 5-8 감소/경험치 획득 +5%/언데드에게 주는 피해 +50%,-,스태프
111,망 송의 가르침 아콘 스태프/(Mang Song's Lesson Archon Staff) 11/엘리트/#망 송의 레슨,양손 피해: 83 - 99/요구 레벨: 82/필요 힘: 34/내구도: 26/기본 무기 속도: [10]/+5 모든 기술 레벨/시전 속도 +30%/대상의 번개 저항 -(7-15)%/대상의 냉기 저항 -(7-15)%/대상의 화염 저항 -(7-15)%/마나 재생 +10%/언데드에게 주는 피해 +50%/(래더 전용),-,스태프
112,이로의 횃불 원드/(Torch of Iro Wand) 2/노멀/#토치 오브 이로,한손 피해: 2 - 4/요구 레벨: 5/내구도: 15/기본 무기 속도: [0]/언데드에게 주는 피해 +50%/화염 피해 5 - 9 추가/+1 모든 강령술사 기술 레벨/마력 +10/마나 재생 +5%/적중당 생명력 6% 훔침/시야 +3,-,원드
113,소용돌이 유 원드/(Maelstrom Yew Wand) 10/노멀/#메일스트럼,한손 피해: 2 - 8/요구 레벨: 14/내구도: 15/기본 무기 속도: [10]/언데드에게 주는 피해 +50%/번개 피해 1-9 추가/마나 +13/시전 속도 +30%/번개 저항 +40%/+1-3 아이언 메이든 (강령술사 전용)/+1-3 피해 증폭 (강령술사 전용)/+1-3 공포 (강령술사 전용)/+1-3 시체 폭발 (강령술사 전용),-,원드
114,새김등뼈 본원드/(Gravenspine Bone Wand) 9/노멀/#그레이븐스파인,한손 피해: 3 - 7/요구 레벨: 20/내구도: 15/기본 무기 속도: [-20]/언데드에게 주는 피해 +50%/+2 모든 강령술사 기술 레벨/냉기 피해 4 - 8 추가 (3초에 걸쳐)/적중당 마나 5% 훔침/마나 +25-50/민첩 +10/힘 +10,-,원드
115,우메의 탄식 그림 원드/(Ume's Lament Grim Wand) 12/노멀/#우메즈 러먼트,한손 피해: 5 - 11/요구 레벨: 28/내구도: 15/기본 무기 속도: [0]/언데드에게 주는 피해 +50%/+2 모든 강령술사 기술 레벨/시전 속도 +20%/마나 +40/적중 시 괴물 도주 50%/+2 디크리피파이 (강령술사 전용)/+3 공포 (강령술사 전용),-,원드
116,자해의 가지 번트원드/(Suicide Branch Burnt Wand) 35/익셉셔널/#수어사이드 브랜치,한손 피해: 8 - 18/요구 레벨: 33/필요 힘: 25/내구도: 15/기본 무기 속도: [0]/언데드에게 주는 피해 +50%/+1 모든 기술 레벨/시전 속도 +50%/최대 마나 10% 증가/모든 저항 +10/생명력 +40/공격자가 피해를 25 받음,-,원드
117,카린 파편 페트러파이드원드/(Carin Shard Petrified Wand) 17/익셉셔널/#캐린 샤드,한손 피해: 8 - 24/요구 레벨: 35/필요 힘: 25/내구도: 15/기본 무기 속도: [10]/언데드에게 주는 피해 +50%/마나 +1-123 (캐릭터 레벨당 1.25)/생명력 +1 - 123 (캐릭터 레벨당 1.25)/+1 모든 강령술사 기술 레벨/+2 모든 소환 기술 레벨 (강령술사 전용)/시전 속도 +10%/타격 회복 속도 +30%/생명력 회복 +5,-,원드
118,레오릭 왕의 팔 툼 원드/(Arm of King Leoric Tomb Wand) 110/익셉셔널/#암 오브 킹 로릭,한손 피해: 10 - 22/요구 레벨: 36/필요 힘: 25/내구도: 15/기본 무기 속도: [-20]/언데드에게 주는 피해 +50%/피격 시 10% 확률로 레벨 2 본 프리즌 시전/피격 시 5% 확률로 레벨 10 본 스피리트 시전/마나 +1-123 (캐릭터 레벨당 1.25)/시전 속도 +10%/+2 공포 (강령술사 전용)/+2 해골 마법학자 되살리기 (강령술사 전용)/+3 해골 숙련 (강령술사 전용)/+3 해골 되살리기 (강령술사 전용)/+2 모든 소환 기술 레벨 (강령술사 전용)/+2 모든 포이즌&본 기술 레벨 (강령술사 전용),-,원드
119,검은손 열쇠 그레이브 원드/(Blackhand Key Grave Wand) 11/익셉셔널/#블랙핸드 키,한손 피해: 13 - 29/요구 레벨: 41/필요 힘: 25/내구도: 15/기본 무기 속도: [0]/언데드에게 주는 피해 +50%/+2 모든 강령술사 기술 레벨/+1 모든 저주 기술 레벨 (강령술사 전용)/받는 피해의 20%만큼 마나 회복/시전 속도 +30%/화염 저항 +37%/생명력 +50/13 레벨 섬뜩한 호신부 (충전 30회)/시야 -2,-,원드
120,죽음의 거미줄 언어스드 원드/(Death's Web Unearthed Wand) 50/엘리트/#데쓰 웹,한손 피해: 22 - 28/요구 레벨: 66/필요 힘: 25/내구도: 18/기본 무기 속도: [0]/언데드에게 주는 피해 +50%/대상의 독 저항 -40-50%/적 처치 시 마나 +7-12/적 처치 시 생명력 +7-12/+2 모든 기술 레벨/+1-2 모든 포이즌&본 기술 레벨 (강령술사 전용),독 강령술사(독 네크로맨서)/수수께끼 (Enigma)/트래그울의 발톱 (Trang-Oul's Claws)/거미 그물띠 (Arachnid Mesh)/요르단의 반지 (Stone of Jordan),원드
121,뼈그늘 리치 원드/(Boneshade Lich Wand) 37/엘리트/#본쉐이드,한손 피해: 10 - 31/요구 레벨: 79/필요 힘: 25/내구도: 17/기본 무기 속도: [-20]/언데드에게 주는 피해 +50%/+2 모든 강령술사 기술 레벨/+1-2 본 스피리트 (강령술사 전용)/+2-3 본 스피어 (강령술사 전용)/+2-3 본 월 (강령술사 전용)/+4-5 본 아머 (강령술사 전용)/+4-5 이빨 (강령술사 전용)/시전 속도 +25%,-,원드
122,종을 울리는 자 셉터/(Knell Striker Scepter) 1/노멀/#넬 스트라이커,한손 피해: 10 - (18-19)/요구 레벨: 5/필요 힘: 25/내구도: 50/기본 무기 속도: [0]/피해 70 - 80% 증가/언데드에게 주는 피해 +50%/강타 확률 +25%/명중률 +35/독 저항 +20%/화염 저항 +20%/마나 +15,-,셉터
123,녹슨손잡이 그랜드 셉터/(Rusthandle Grand Scepter) 16/노멀/#러스트핸들,한손 피해: 15 - (34-35)/요구 레벨: 18/필요 힘: 37/내구도: 60/기본 무기 속도: [10]/피해 50 - 60% 증가/피해 3 - 7 추가/언데드에게 주는 피해 +100-110%/적중당 생명력 8% 훔침/+1 모든 성기사 기술 레벨/마법 피해 1 감소/+3 가시 (성기사 전용)/+1-3 복수 (성기사 전용),-,셉터
124,폭풍눈 워셉터/(Stormeye War Scepter) 17/노멀/#스톰아이,한손 피해: (18-22) - (30-37)/필요 힘: 55/내구도: 70/기본 무기 속도: [-10]/피해 80 - 120% 증가/언데드에게 주는 피해 +50%/냉기 피해 3 - 5 추가 (3초에 걸쳐)/번개 피해 1-6 추가/생명력 회복 +10/+1 천상의 주먹 (성기사 전용)/+3 신성한 충격 (성기사 전용)/+3-5 번개 저항 (성기사 전용),-,셉터
125,자카룸의 손 룬 셉터/(Zakarum's Hand Rune Scepter) 17/익셉셔널/#자카럼의 핸드,한손 피해: (36-41) - (67-76)/요구 레벨: 37/필요 힘: 58/내구도: 50/기본 무기 속도: [0]/피해 180 - 220% 증가/언데드에게 주는 피해 +50%/공격 속도 +30%/타격 시 6% 확률로 레벨 5 눈보라 시전/적중당 마나 8% 훔침/대상의 방어력 무시/마나 재생 +10%/지구력 회복 +15%/+2 신성한 충격 (성기사 전용)/+2 신성한 빙결 (성기사 전용),-,셉터
126,썩은 뿌리개 홀리워터스프린클러/(The Fetid Sprinkler Holy Water Sprinkler) 5/익셉셔널/#페티드 스프링클러,한손 피해: (51-55) - (118-129)/요구 레벨: 38/필요 힘: 76/내구도: 60/기본 무기 속도: [10]/피해 160 - 190% 증가/피해 15 - 25 추가/언데드에게 주는 피해 +50%/+2 모든 성기사 기술 레벨/타격 시 10% 확률로 레벨 1 컨퓨즈 시전/타격 시 5% 확률로 레벨 1 디크리피파이 시전/독 피해 160 추가 (4초에 걸쳐)/명중률 +150-200,-,셉터
127,축복받은 빛의 손 디바인 셉터/(Hand of Blessed Light Divine Scepter) 25/익셉셔널/#핸드 오브 블래스드 라이트,한손 피해: (56-61) - (132-143)/요구 레벨: 42/필요 힘: 103/내구도: 70/기본 무기 속도: [-10]/피해 130 - 160% 증가/피해 20 - 45 추가/언데드에게 주는 피해 +50%/+2 모든 성기사 기술 레벨/명중률 보너스 100%/마나 재생 +15%/방어력 +50/타격 시 5% 확률로 레벨 4 천상의 주먹 시전/+2 천상의 주먹 (성기사 전용)/+4 신성한 빛줄기 (성기사 전용)/시야 +4,-,셉터
128,천상의 빛 마이티 셉터/(Heaven's Light Mighty Scepter) 106/엘리트/#헤븐의 라이트,한손 피해: (140-160) - (182-208)/요구 레벨: 61/필요 힘: 125/필요 민첩: 65/내구도: 50/기본 무기 속도: [0]/피해 250 - 300% 증가/언데드에게 주는 피해 +50%/대상의 방어력 -33%/공격 속도 +20%/강타 확률 +33%/악마 처치 시 생명력 +15-20/+2-3 모든 성기사 기술 레벨/시야 +3/홈 있음 (1-2)/(래더 전용),-,셉터
129,에스트리언의 아이언 워드 카두세우스/(Astreon's Iron Ward Caduceus) 10/엘리트/#에스트리언의 아이언 워드,한손 피해: (125-144) - (146-167)/요구 레벨: 66/필요 힘: 97/필요 민첩: 70/내구도: 70/기본 무기 속도: [-10]/피해 240 - 290% 증가/피해 40 - 85 추가/언데드에게 주는 피해 +50%/마법 피해 80-240 추가/강타 확률 +33%/대상 감속 25%/피해 4 - 7 감소/+2-4 모든 전투 기술 기술 레벨 (성기사 전용)/공격 속도 +10%/명중률 보너스 150-200%,-,셉터
130,구원자 마이티 셉터/(The Redeemer Mighty Scepter) 7/엘리트/#리디머르,한손 피해: (140-160) - (182-208)/요구 레벨: 72/필요 힘: 50/필요 민첩: 26/내구도: 50/기본 무기 속도: [0]/피해 250 - 300% 증가/피해 60 - 120 추가/언데드에게 주는 피해 +50%/악마에게 주는 피해 +200-250%/+2 모든 성기사 기술 레벨/대상의 방어력 -33%/+2-4 속죄 (성기사 전용)/+2-4 신성한 빛줄기 (성기사 전용)/시야 +3/착용 조건 -60%,-,셉터
131,용창 스피어/(The Dragon Chang Spear) 8/노멀/#운사의 용봉창,양손 피해: 13 - 15/요구 레벨: 8/필요 민첩: 20/내구도: 30/기본 무기 속도: [-10]/언데드에게 주는 피해 +100%/최소 피해 +10/화염 피해 3 - 6 추가/명중률 +35/시야 +2,-,스피어
132,서슬가지 트라이던트/(Razortine Trident) 8/노멀/#레이저타인,양손 피해: (11-13) - (19-22)/요구 레벨: 12/필요 힘: 38/필요 민첩: 24/내구도: 35/기본 무기 속도: [0]/피해 30 - 50% 증가/대상 감속 25%/공격 속도 +30%/대상의 방어력 -50%/민첩 +8/힘 +15,-,스피어
133,피도둑 브랜디스탁/(Bloodthief Brandistock) 11/노멀/#블러드씨프,양손 피해: (10-11) - (25-28)/요구 레벨: 17/필요 힘: 40/필요 민첩: 50/내구도: 28/기본 무기 속도: [-20]/피해 50 - 70% 증가/상처 악화 확률 35%/적중당 생명력 8-12% 훔침/생명력 +26/힘 +10,-,스피어
134,야가이의 기병창 스페텀/(Lance of Yaggai Spetum) 13/노멀/#랜스 오브 야가이,양손 피해: 15 - 23/요구 레벨: 22/필요 힘: 54/필요 민첩: 35/내구도: 28/기본 무기 속도: [0]/번개 피해 1-60 추가/모든 저항 +15/공격 속도 +40%/공격자가 피해를 8 받음,-,스피어
135,탄르 고어로드 파이크/(The Tannr Gorerod Pike) 19/노멀/#더 탄르 고어라드,양손 피해: (25-28) - (113-126)/요구 레벨: 27/필요 힘: 60/필요 민첩: 45/내구도: 25/기본 무기 속도: [20]/피해 80 - 100% 증가/화염 피해 23 - 54 추가/명중률 +60/화염 저항 +15%/최대 화염 저항 +15%/생명력 +30/시야 +3,-,스피어
136,꿰뚫는 자 워 스피어/(The Impaler War Spear) 14/익셉셔널/#임페일러,양손 피해: (24-27) - (88-99)/요구 레벨: 31/필요 힘: 25/필요 민첩: 25/내구도: 30/기본 무기 속도: [-10]/피해 140 - 170% 증가/상처 악화 확률 40%/공격 속도 +20%/대상의 방어력 무시/명중률 +150/괴물 회복 저지/+5 꿰뚫기 (아마존 전용)/+3 강한 일격 (아마존 전용),-,스피어
137,켈피 올가미 푸스키나/(Kelpie Snare Fuscina) 21/익셉셔널/#켈피 스네어,양손 피해: (75-83) - (138-153)/요구 레벨: 33/필요 힘: 77/필요 민첩: 25/내구도: 35/기본 무기 속도: [0]/피해 140 - 180% 증가/피해 30 - 50 추가/대상 감속 75%/생명력 +1 - 123 (캐릭터 레벨당 1.25)/화염 저항 +50%/힘 +10,-,스피어
138,영혼포식 뿔 워포크/(Soulfeast Tine War Fork) 12/익셉셔널/#소울피스트 타인,양손 피해: (40-46) - (100-116)/요구 레벨: 35/필요 힘: 64/필요 민첩: 76/내구도: 43/기본 무기 속도: [-20]/피해 150 - 190% 증가/명중률 +150-250/착용 조건 -20%/적중당 생명력 7% 훔침/적중당 마나 7% 훔침/지구력 고갈 속도 20% 감소,-,스피어
139,골 토막 야리/(Hone Sundan Yari) 58/익셉셔널/#혼 선단,양손 피해: (95-107) - (193-217)/요구 레벨: 37/필요 힘: 101/기본 무기 속도: [0]/내구도: 28/피해 160 - 200% 증가/피해 20 - 40 추가/강타 확률 +45%/내구도 1 회복 (10초마다)/홈 있음 (3),-,스피어
140,명예의 첨탑 랜스/(Spire of Honor Lance) 16/익셉셔널/#스파이어 오브 아너,양손 피해: (87-101) - (325-382)/요구 레벨: 39/필요 힘: 110/필요 민첩: 88/내구도: 25/기본 무기 속도: [20]/피해 150 - 200% 증가/피해 20 - 40 추가/악마에게 주는 피해 +1.5 - 148% (캐릭터 레벨당 1.5)/타격 회복 속도 +20%/생명력 회복 +20/명중률 보너스 25%/방어력 25% 증가/+3 모든 전투 기술 기술 레벨 (성기사 전용)/시야 +3,-,스피어
141,라이칸더의 측방 세레모니얼 파이크/(Lycander's Flank Ceremonial Pike) 20/익셉셔널/아마존 전용/#라이캔더스 플랭크,양손 피해: (130-151) - (305-353)/요구 레벨: 42/필요 힘: 115/필요 민첩: 98/내구도: 25/기본 무기 속도: [20]/(아마존 전용)/피해 150 - 200% 증가/피해 25 - 50 추가/+2 모든 아마존 기술 레벨/공격 속도 +30%/적중당 생명력 5-9% 훔침/힘 +20/활력 +20/방어력 20% 증가/+2 모든 투창과 창 기술 레벨 (아마존 전용),-,스피어
142,돌까마귀 메이트리어컬 스피어/(Stoneraven Matriarchal Spear) 20/엘리트/아마존 전용/#스톤레이븐,양손 피해: (214-247) - (316-361)/요구 레벨: 64/필요 힘: 114/필요 민첩: 142/내구도: 28/기본 무기 속도: [0]/(아마존 전용)/피해 230 - 280% 증가/마법 피해 101-187 추가/방어력 +400-600/모든 저항 +30-50/+1-3 모든 투창과 창 기술 레벨 (아마존 전용)/(래더 전용),-,스피어
143,강철기둥 워파이크/(Steel Pillar War Pike) 4/엘리트/#스틸 필라,양손 피해: (102-118) - (551-640)/요구 레벨: 69/필요 힘: 165/필요 민첩: 106/기본 무기 속도: [20]/피해 210 - 260% 증가/강타 확률 +25%/대상의 방어력 -20%/공격 속도 +25%/방어력 +50-80% 증가/파괴되지 않음,-,스피어
144,맹독갈퀴 맨캐쳐/(Viperfork Mancatcher) 13/엘리트/#파이퍼포크,양손 피해: (121-142) - (266-312)/요구 레벨: 71/필요 힘: 132/필요 민첩: 134/내구도: 28/기본 무기 속도: [-20]/피해 190 - 240% 증가/명중률 +200-250/공격 속도 +50%/독 피해 325 추가 (10초에 걸쳐)/독 저항 +30-50%/타격 시 15% 확률로 레벨 9 포이즌 익스플로전 시전,-,스피어
145,아리옥의 비늘 하이페리언 스피어/(Arioc's Needle Hyperion Spear) 92/엘리트/#아리어의 니들,양손 피해: (98-115) - (333-392)/요구 레벨: 81/필요 힘: 155/필요 민첩: 120/내구도: 30/기본 무기 속도: [-10]/피해 180 - 230% 증가/치명적 공격 50%/독 피해 394 추가 (10초에 걸쳐)/공격 속도 +30%/+2-4 모든 기술 레벨/대상의 방어력 무시,-,스피어
146,디모악의 절단 바디쉬/(Dimoak's Hew Bardiche) 5/노멀/#디모악스 휴,양손 피해: 2 - 54/요구 레벨: 8/필요 힘: 40/내구도: 50/기본 무기 속도: [10]/피해 100% 증가/공격 속도 +20%/민첩 +15/방어력 -8,-,폴암
147,강철 몰이막대 불즈/(Steelgoad Voulge) 10/노멀/#스틸고드,양손 피해: (9-10) - (33-37)/요구 레벨: 14/필요 힘: 50/내구도: 70-90/기본 무기 속도: [0]/피해 60 - 80% 증가/명중률 보너스 30%/명중률 +30/모든 저항 +5/적중 시 괴물 도주 75%,-,폴암
148,혼령 수확자 싸이드/(Soul Harvest Scythe) 19/노멀/#소울 하베스트,양손 피해: (12-15) - (30-38)/요구 레벨: 19/필요 힘: 41/필요 민첩: 41/내구도: 65/기본 무기 속도: [-10]/피해 50 - 90% 증가/상처 악화 확률 30%/적중당 마나 10% 훔침/명중률 +45/마력 +5/모든 저항 +20,-,폴암
149,전투가지 폴액스/(The Battlebranch Poleaxe) 15/노멀/#더 배틀브랜치,양손 피해: (27-30) - (58-66)/요구 레벨: 25/필요 힘: 62/내구도: 65/기본 무기 속도: [10]/피해 50 - 70% 증가/공격 속도 +30%/명중률 +50-100/적중당 생명력 7% 훔침/민첩 +10,-,폴암
150,재앙의 지팡이 헬버드/(Woestave Halberd) 25/노멀/#워스테이브,양손 피해: (14-16) - (54-62)/요구 레벨: 28/필요 힘: 75/필요 민첩: 47/내구도: 55/기본 무기 속도: [0]/피해 20 - 40% 증가/상처 악화 확률 50%/대상 감속 50%/적중 시 대상 실명 +3/적중 시 괴물 방어력 -50/대상 빙결/괴물 회복 저지/시야 -3,-,폴암
151,사신의 낫 워싸이드/(The Grim Reaper War Scythe) 10/노멀/#더 그림 리퍼,양손 피해: 33 - 43/요구 레벨: 29/필요 힘: 80/필요 민첩: 80/내구도: 55/기본 무기 속도: [-10]/피해 20% 증가/최소 피해 +15/치명적 공격 100%/적중당 마나 5% 훔침/괴물 회복 저지,-,폴암
152,검은거머리 칼날 빌/(Blackleach Blade Bill) 33/익셉셔널/#블랙리치 블레이드,양손 피해: (28-33) - (107-250)/요구 레벨: 42/필요 힘: 72/내구도: 50/기본 무기 속도: [0]/피해 100 - 140% 증가/최대 피해 +1 - 123 (캐릭터 레벨당 1.25)/타격 시 5% 확률로 레벨 5 약화 시전/착용 조건 -25%/시야 -2/적중당 생명력 8% 훔침,-,폴암
153,고기 긁개 로카버 액스/(The Meat Scrapper Lochaber Axe) 23/익셉셔널/#미트 스크래퍼,양손 피해: (15-18) - (145-174)/요구 레벨: 41/필요 힘: 80/내구도: 50/기본 무기 속도: [10]/피해 150 - 200% 증가/상처 악화 확률 50%/공격 속도 +30%/적중당 생명력 10% 훔침/마법 아이템 발견 확률 25% 증가/+3 모든 전투 숙련 기술 레벨 (야만용사 전용),-,폴암
154,아테나의 진노 배틀싸이드/(Athena's Wrath Battle Scythe) 31/익셉셔널/#아테네의 래쓰,양손 피해: (45-50) - (113-224)/요구 레벨: 42/필요 힘: 82/필요 민첩: 82/내구도: 65/기본 무기 속도: [-10]/피해 150 - 180% 증가/최대 피해 +1 - 99 (캐릭터 레벨당 1)/생명력 +1 - 99 (캐릭터 레벨당 1)/공격 속도 +30%/+1-3 모든 드루이드 기술 레벨/민첩 +15,-,폴암
155,피에르 통발 쿠앙 파르티잔/(Pierre Tombale Couant Partizan) 41/익셉셔널/#피에르 톰 콘,양손 피해: (100-120) - (215-260)/요구 레벨: 43/필요 힘: 113/필요 민첩: 67/내구도: 65/기본 무기 속도: [10]/피해 160 - 220% 증가/피해 12 - 20 추가/치명적 공격 55%/명중률 +100-200/+3 모든 야만용사 기술 레벨/적중당 마나 6% 훔침/타격 회복 속도 +30%,-,폴암
156,후솔달 에보 벡드코방/(Husoldal Evo Bec-De-Corbin) 8/익셉셔널/#휴솔달 에보,양손 피해: (53-59) - (253-287)/요구 레벨: 44/필요 힘: 133/필요 민첩: 91/내구도: 55/기본 무기 속도: [0]/피해 160 - 200% 증가/피해 20 - 32 추가/공격 속도 +20%/명중률 +200-250/괴물 회복 저지/생명력 회복 +20,-,폴암
157,사신의 불타는 망자 그림 싸이드/(Grim's Burning Dead Grim Scythe) 31/익셉셔널/#그림의 버닝 데드,양손 피해: (72-84) - (168-196)/요구 레벨: 45/필요 힘: 70/필요 민첩: 70/내구도: 55/기본 무기 속도: [-10]/피해 140 - 180% 증가/화염 피해 131 - 232 추가/+3 모든 강령술사 기술 레벨/대상의 방어력 -50%/방어력 20% 증가/명중률 +200-250/화염 저항 +45%/착용 조건 -50%/공격자가 피해를 8 받음,-,폴암
158,뼈자르개 오우거 액스/(Bonehew Ogre Axe) 159/엘리트/#본휴,양손 피해: (103-117) - (536-609)/요구 레벨: 64/필요 힘: 195/필요 민첩: 75/내구도: 50/기본 무기 속도: [0]/피해 270 - 320% 증가/14 레벨 시체 폭발 (충전 30회)/괴물 회복 저지/공격 속도 +30%/타격 시 50% 확률로 레벨 16 본 스피어 시전/홈 있음 (2),-,폴암
159,사신의 종소리 쓰레셔/(The Reaper's Toll Thresher) 160/엘리트/#리퍼스 톨,양손 피해: (34-40) - (408-479)/요구 레벨: 75/필요 힘: 114/필요 민첩: 89/내구도: 65/기본 무기 속도: [-10]/피해 190 - 240% 증가/대상의 방어력 무시/냉기 피해 4 - 44 추가 (0-2초에 걸쳐)/적중당 생명력 11-15% 훔침/치명적 공격 33%/타격 시 33% 확률로 레벨 1 디크리피파이 시전/착용 조건 -25%/(래더 전용),-,폴암
160,폭풍첨탑 자이언트 쓰레셔/(Stormspire Giant Thresher) 12/엘리트/#스톰스파이어,양손 피해: (100-140) - (285-399)/요구 레벨: 70/필요 힘: 188/필요 민첩: 140/기본 무기 속도: [-10]/피해 150 - 250% 증가/번개 피해 1-237 추가/피격 시 2% 확률로 레벨 20 번개 줄기 시전/피격 시 5% 확률로 레벨 5 연쇄 번개 시전/공격 속도 +30%/번개 저항 +50%/힘 +10/공격자가 번개 피해를 27 받음/파괴되지 않음,-,폴암
161,무덤 강탈자 크립틱 액스/(Tomb Reaver Cryptic Axe) 47/엘리트/#툼 리버,양손 피해: (99-125) - (450-570)/요구 레벨: 84/필요 힘: 165/필요 민첩: 103/내구도: 65/기본 무기 속도: [10]/피해 200 - 280% 증가/언데드에게 주는 피해 +150-230%/공격 속도 +60%/언데드에 대한 명중률 +250-350/모든 저항 +30-50/소생시키다: 리턴드 10%/적 처치 시 생명력 +10-14/마법 아이템 발견 확률 50-80% 증가/시야 +4/홈 있음 (1-3)/(래더 전용),늑대 드루이드/잘랄의 갈기 (Jalal's Mane)/인내(아머) (Fortitude)/대군주의 진노 (Highlord's Wrath)/드라쿨의 손아귀 (Dracul's Grasp)/칠흑 서리 (Raven Frost)/베르둔고의 튼튼한 노끈 (Verdungo's Hearty Cord),폴암
162,거인의 복수 세레모니얼 재벌린/(Titan's Revenge Ceremonial Javelin) 292/익셉셔널/아마존 전용/#타이탄의 리벤지,투척 피해: (70-79) - (185-212)/한손 피해: (70-79) - (137-155)/요구 레벨: 42/필요 힘: 25/필요 민첩: 109/수량: 140/기본 무기 속도: [-10]/(아마존 전용)/피해 150 - 200% 증가/피해 25 - 50 추가/+2 모든 아마존 기술 레벨/적중당 생명력 5-9% 훔침/달리기/걷기 속도 +30%/힘 +20/민첩 +20/중첩 수량 1 회복 (3초마다)/중첩 수량 60 증가/+2 모든 투창과 창 기술 레벨 (아마존 전용),투창 아마존(자벨린 아마존)/불사조(쉴드) (Phoenix)/수수께끼 (Enigma)/모래폭풍 여로 (Sandstorm Trek)/천둥 신의 박력 (Thundergod's Vigor)/그리폰의 눈 (Griffon's Eye),재벌린
163,악마의 호 발록 스피어/(Demon's Arch Balrog Spear) 28/엘리트/#데몬스 아치,투척 피해: (104-124) - (161-192)/한손 피해: (85-102) - (163-195)/요구 레벨: 68/필요 힘: 127/필요 민첩: 95/기본 무기 속도: [10]/수량: 80/피해 160 - 210% 증가/화염 피해 232 - 323 추가/번개 피해 23-333 추가/공격 속도 +30%/적중당 생명력 6-12% 훔침/중첩 수량 1 회복 (3초마다),-,재벌린
164,천둥일격 메이트리어컬 재벌린/(Thunderstroke Matriarchal Javelin) 166/엘리트/아마존 전용/#선더스트로크,투척 피해: (87-105) - (165-198)/한손 피해: (75-90) - (135-162)/요구 레벨: 69/필요 힘: 107/필요 민첩: 151/기본 무기 속도: [-10]/수량: 80/(아마존 전용)/피해 150 - 200% 증가/번개 피해 1-511 추가/공격 속도 +15%/대상의 번개 저항 -15%/타격 시 20% 확률로 레벨 14 번개 시전/+2-4 모든 투창과 창 기술 레벨 (아마존 전용)/+3 번갯불 (아마존 전용)/(래더 전용),-,재벌린
165,가고일의 이빨 윙드 하푼/(Gargoyle's Bite Winged Harpoon) 6/엘리트/#가고일스 바이트,투척 피해: (30-36) - (215-254)/한손 피해: (75-89) - (98-115)/요구 레벨: 70/필요 힘: 76/필요 민첩: 145/기본 무기 속도: [-10]/수량: 80/피해 180 - 230% 증가/독 피해 293 추가 (10초에 걸쳐)/11 레벨 역병 투창 (충전 60회)/적중당 생명력 9-15% 훔침/중첩 수량 1 회복 (3초마다),-,재벌린
166,망령의 비행 고스트 글레이브/(Wraith Flight Ghost Glaive) 21/엘리트/#레이쓰 플라이트,투척 피해: (112-130) - (317-368)/한손 피해: (70-81) - (225-261)/요구 레벨: 76/필요 힘: 79/필요 민첩: 127/기본 무기 속도: [20]/수량: 75/피해 150 - 190% 증가/적중당 생명력 9-13% 훔침/적 처치 시 마나 +15/중첩 수량 1 회복 (2초마다)/무형 (수리 불가)/(래더 전용),-,재벌린
167,눈살 숏보우/(Pluckeye Short Bow) 4/노멀/#플럭아이,양손 피해: 2 - 8/요구 레벨: 7/필요 민첩: 15/기본 무기 속도: [5]/피해 100% 증가/명중률 +28/적중당 마나 3% 훔침/생명력 +10/적 처치 시 마나 +2/시야 +2,-,보우
168,마른시위 헌터 보우/(Witherspring Hunter's Bow) 6/노멀/#위더스프링,양손 피해: (3-4) - (11-12)/요구 레벨: 13/필요 민첩: 28/기본 무기 속도: [-10]/피해 40 - 50% 증가/3 레벨 마법 화살/피해 1 - 3/공격 속도 +30%/명중률 +50,-,보우
169,큰까마귀 발톱 롱보우/(Raven Claw Long Bow) 23/노멀/#레이븐 클러 #폭활,양손 피해: (4-5) - (16-17)/요구 레벨: 15/필요 힘: 22/필요 민첩: 19/기본 무기 속도: [0]/폭발 화살 발사 (레벨 3)/+60~70% 증가된 데미지(변함)/50% 공격등급 추가 상승/+3 힘/+3 민첩성,-,보우
170,도적의 활 컴포지트 보우/(Rogue's Bow Composite Bow) 16/노멀/#로그스 보우,양손 피해: (5-6) - (11-12)/요구 레벨: 20/필요 힘: 25/필요 민첩: 35/기본 무기 속도: [-10]/피해 40 - 60% 증가/언데드에게 주는 피해 +100%/치명적 공격 30%/공격 속도 +50%/명중률 +60/모든 저항 +10,-,보우
171,슬기매김 롱 배틀 보우/(Wizendraw Long Battle Bow) 14/노멀/#위즌드로우,양손 피해: 5 - (30-32)/요구 레벨: 26/필요 힘: 40/필요 민첩: 50/기본 무기 속도: [10]/피해 70 - 80% 증가/명중률 +50-100/5 레벨 마법 화살/공격 속도 +20%/냉기 저항 +26%/마력 +15/마나 +30/대상의 냉기 저항 -(20-35)%,-,보우
172,폭풍격 숏 배틀 보우/(Stormstrike Short Battle Bow) 22/노멀/#스톰스트라이크,양손 피해: (8-9) - (18-20)/요구 레벨: 25/필요 힘: 30/필요 민첩: 40/기본 무기 속도: [0]/피해 70 - 90% 증가/번개 피해 1-30 추가/관통 25%/명중률 +28/번개 저항 +25%/힘 +8,-,보우
173,지옥맞이 숏 워 보우/(Hellclap Short War Bow) 12/노멀/#헬캡,양손 피해: (10-11) - (23-26)/요구 레벨: 27/필요 힘: 35/필요 민첩: 55/기본 무기 속도: [0]/피해 70 - 90% 증가/화염 피해 15 - (30-50) 추가/공격 속도 +10%/명중률 +50-75/+1 모든 화염주문 기술 레벨 (원소술사 전용)/화염 저항 +40%/민첩 +12,-,보우
174,폭발껍질 롱 워 보우/(Blastbark Long War Bow) 13/노멀/#블래스트바크,양손 피해: (5-6) - (39-52)/요구 레벨: 28/필요 힘: 50/필요 민첩: 65/기본 무기 속도: [10]/피해 70 - 130% 증가/+1 모든 아마존 기술 레벨/적중당 마나 3% 훔침/힘 +5/+2 폭발 화살 (아마존 전용),-,보우
175,하늘일격 엣지 보우/(Skystrike Edge Bow) 37/익셉셔널/#스카이스트라이크,양손 피해: (15-18) - (47-57)/요구 레벨: 28/필요 힘: 25/필요 민첩: 43/기본 무기 속도: [5]/피해 150 - 200% 증가/번개 피해 1-250 추가/타격 시 2% 확률로 레벨 6 운석 낙하 시전/공격 속도 +30%/명중률 +100/+1 모든 아마존 기술 레벨/마력 +10,-,보우
176,파열갈고리 레이저 보우/(Riphook Razor Bow) 14/익셉셔널/#립후크,양손 피해: (22-25) - (61-70)/요구 레벨: 31/필요 힘: 25/필요 민첩: 62/기본 무기 속도: [-10]/피해 180 - 220% 증가/대상 감속 30%/상처 악화 확률 3%/공격 속도 +30%/적중당 생명력 7-10% 훔침/마나 +35,-,보우
177,쿠코 샤카쿠 시더 보우/(Kuko Shakaku Cedar Bow) 19/익셉셔널,양손 피해: (25-28) - (72-81)/요구 레벨: 33/필요 힘: 53/필요 민첩: 49/기본 무기 속도: [0]/피해 150 - 180% 증가/7 레벨 폭발 화살/관통 50%/화염 피해 40 - 180 추가/+3 점화 화살 (아마존 전용)/+3 모든 활과 쇠뇌 기술 레벨 (아마존 전용),-,보우
178,끝없는 우박 더블 보우/(Endlesshail Double Bow) 14/익셉셔널/#앤드리스해일,양손 피해: (30-35) - (72-83)/요구 레벨: 36/필요 힘: 58/필요 민첩: 73/기본 무기 속도: [-10]/피해 180 - 220% 증가/냉기 피해 15 - 30 추가 (3초에 걸쳐)/냉기 저항 +35%/원거리 공격 방어력 +50/마나 +40/+3-5 속사 (아마존 전용),-,보우
179,마녀림의 시위 숏 시즈 보우/(Witchwild String Short Siege Bow) 129/익셉셔널/#윗치와일드 스트링,양손 피해: (32-35) - (75-81)/요구 레벨: 39/필요 힘: 65/필요 민첩: 80/기본 무기 속도: [0]/피해 150 - 170% 증가/20 레벨 마법 화살/타격 시 2% 확률로 레벨 5 피해 증폭 시전/치명적 공격 1 - 99% (캐릭터 레벨당 1)/모든 저항 +40/홈 있음 (2),-,보우
180,벼랑몰이 라지 시즈 보우/(Cliffkiller Large Siege Bow) 13/익셉셔널/#클리프킬러,양손 피해: (34-43) - (141-168)/요구 레벨: 41/필요 힘: 80/필요 민첩: 95/기본 무기 속도: [10]/피해 190 - 230% 증가/피해 (5-10) - (20-30) 추가/+2 모든 아마존 기술 레벨/원거리 공격 방어력 +80/생명력 +50/밀쳐내기,-,보우
181,라이칸더의 조준 세레모니얼 보우/(Lycander's Aim Ceremonial Bow) 100/익셉셔널/아마존 전용/#라이캔더의 에임,양손 피해: (72-82) - (152-173)/요구 레벨: 42/필요 힘: 73/필요 민첩: 110/기본 무기 속도: [10]/(아마존 전용)/피해 150 - 200% 증가/피해 25 - 50 추가/공격 속도 +20%/+2 모든 아마존 기술 레벨/적중당 마나 5-8% 훔침/마력 +20/민첩 +20/방어력 20% 증가/+2 모든 활과 쇠뇌 기술 레벨 (아마존 전용),-,보우
182,마술사의 진노 룬 보우/(Magewrath Rune Bow) 16/익셉셔널/#메이지래쓰,양손 피해: (55-60) - (127-137)/요구 레벨: 43/필요 힘: 73/필요 민첩: 103/기본 무기 속도: [0]/피해 120 - 150% 증가/피해 25 - 50 추가/명중률 +200-250/+1 모든 아마존 기술 레벨/적중 시 대상 실명/적중당 마나 15% 훔침/마법 피해 9-13 감소/민첩 +10/+3 유도 화살 (아마존 전용),-,보우
183,황금일격 활 고딕 보우/(Goldstrike Arch Gothic Bow) 49/익셉셔널/#골드스트라이크 아치,양손 피해: (30-35) - (150-175)/요구 레벨: 46/필요 힘: 95/필요 민첩: 118/기본 무기 속도: [10]/피해 200 - 250% 증가/악마에게 주는 피해 +100-200%/언데드에게 주는 피해 +100-200%/공격 속도 +50%/타격 시 5% 확률로 레벨 7 천상의 주먹 시전/생명력 회복 +12/명중률 보너스 100-150%,-,보우
184,과부제조기 워드 보우/(Widowmaker Ward Bow) 26/엘리트/#위도우메이커,양손 피해: (50-60) - (132-159)/요구 레벨: 65/필요 힘: 72/필요 민첩: 146/기본 무기 속도: [0]/피해 150 - 200% 증가/대상의 방어력 무시/치명적 공격 33%/+3-5 유도 화살/11 레벨 마법 화살/(래더 전용),-,보우
185,수리뿔 크루세이더 보우/(Eaglehorn Crusader Bow) 21/엘리트/#이글혼,양손 피해: 45 - (190-313)/요구 레벨: 69/필요 힘: 97/필요 민첩: 121/기본 무기 속도: [10]/피해 200% 증가/최대 피해 +2 - 198 (캐릭터 레벨당 2)/+1 모든 아마존 기술 레벨/명중률 +6-594 (캐릭터 레벨당 6)/민첩 +25/대상의 방어력 무시,-,보우
186,핏빛 큰까마귀의 돌진 메이트리어컬 보우/(Blood Raven's Charge Matriarchal Bow) 51/엘리트/아마존 전용/#블러드 레이븐의 차지,양손 피해: (56-66) - (131-155)/요구 레벨: 71/필요 힘: 87/필요 민첩: 187/기본 무기 속도: [-10]/(아마존 전용)/피해 180 - 230% 증가/명중률 보너스 200-300%/13 레벨 폭발 화살/5 레벨 리바이브 (충전 30회)/+2-4 모든 활과 쇠뇌 기술 레벨 (아마존 전용),-,보우
187,바람살 히드라 보우/(Windforce Hydra Bow) 53/엘리트/#윈드포스 #윈포,양손 피해: 35 - (241-547)/요구 레벨: 73/필요 힘: 134/필요 민첩: 167/기본 무기 속도: [10]/피해 250% 증가/최대 피해 +3 - 309 (캐릭터 레벨당 3.125)/공격 속도 +20%/적중당 마나 6-8% 훔침/지구력 회복 +30%/힘 +10/민첩 +5/밀쳐내기,-,보우
188,납까마귀 라이트 크로스보우/(Leadcrow Light Crossbow) 7/노멀/#리드크로우,양손 피해: 10 - 15/요구 레벨: 9/필요 힘: 21/필요 민첩: 27/기본 무기 속도: [-10]/피해 70% 증가/치명적 공격 25%/명중률 +40/독 저항 +30%/생명력 +10/민첩 +10,-,크로스보우
189,신혈쐐기 크로스보우/(Ichorsting Crossbow) 14/노멀/#아이커스팅,양손 피해: 13 - 24/요구 레벨: 18/필요 힘: 40/필요 민첩: 33/기본 무기 속도: [0]/피해 50% 증가/독 피해 30 추가 (3초에 걸쳐)/공격 속도 +20%/관통 공격/명중률 +50/민첩 +20,-,크로스보우
190,지옥발사기 헤비 크로스보우/(Hellcast Heavy Crossbow) 17/노멀/#헬캐스트,양손 피해: (23-25) - (44-46)/요구 레벨: 27/필요 힘: 60/필요 민첩: 40/기본 무기 속도: [10]/피해 70 - 80% 증가/5 레벨 폭발 화살/화염 피해 15 - 35 추가/공격 속도 +20%/명중률 +70/최대 화염 저항 +15%/화염 저항 +15%,-,크로스보우
191,멸궁 리피팅 크로스보우/(Doomslinger Repeating Crossbow) 8/노멀/#둠슬링어,양손 피해: (9-12) - (19-24)/요구 레벨: 28/필요 힘: 40/필요 민첩: 50/기본 무기 속도: [-40]/피해 60 - 100% 증가/관통 35%/공격 속도 +30%/+1 모든 아마존 기술 레벨/생명력 +15,-,크로스보우
192,랑거 브리저 아발리스트/(Langer Briser Arbalest) 28/익셉셔널/#랭거 브리저,양손 피해: (37-42) - (82-111)/요구 레벨: 32/필요 힘: 52/필요 민첩: 61/기본 무기 속도: [-10]/피해 170 - 200% 증가/최대 피해 +10-30/상처 악화 확률 33%/번개 피해 1-212 추가/생명력 +30/밀쳐내기/마법 아이템 발견 확률 30-60% 증가,-,크로스보우
193,고름 쏘개 시즈 크로스보우/(Pus Spitter Siege Crossbow) 18/익셉셔널/#퍼스 스피터,양손 피해: (50-64) - (105-134)/요구 레벨: 36/필요 힘: 32/필요 민첩: 28/기본 무기 속도: [0]/피해 150 - 220% 증가/독 피해 150 추가 (8초에 걸쳐)/착용 조건 -60%/피격 시 9% 확률로 레벨 6 포이즌 노바 시전/타격 시 4% 확률로 레벨 1 로워 레지스트 시전/명중률 보너스 5-495% (캐릭터 레벨당 5)/공격 속도 +10%/+2 모든 강령술사 기술 레벨,-,크로스보우
194,눈보라 포 발리스타/(Buriza-Do Kyanon Ballista) 84/익셉셔널/#부리자-도 캬논,양손 피해: (87-105) - (140-412)/요구 레벨: 41/필요 힘: 110/필요 민첩: 80/기본 무기 속도: [10]/피해 150 - 200% 증가/최대 피해 +2 - 247 (캐릭터 레벨당 2.5)/냉기 피해 32 - 196 추가 (8초에 걸쳐)/관통 100%/대상 빙결 +3/방어력 +75-150/민첩 +35/공격 속도 +80%,-,크로스보우
195,악마의 기계 추코누/(Demon Machine Chu-Ko-Nu) 16/익셉셔널/#데몬 머신,양손 피해: 31 - 137/요구 레벨: 49/필요 힘: 80/필요 민첩: 95/기본 무기 속도: [-60]/피해 123% 증가/최대 피해 +66/6 레벨 폭발 화살/명중률 +632/관통 66%/방어력 +321/마나 +36,-,크로스보우
196,내장 흡수 데몬 크로스보우/(Gut Siphon Demon Crossbow) 16/엘리트/#구트 쉬폰,양손 피해: (67-83) - (104-128)/요구 레벨: 71/필요 힘: 141/필요 민첩: 98/기본 무기 속도: [-60]/피해 160 - 220% 증가/관통 33%/적중당 생명력 12-18% 훔침/상처 악화 확률 33%/대상 감속 25%,-,크로스보우
197,지옥포 콜로서스 크로스보우/(Hellrack Colossus Crossbow) 32/엘리트/#헬랙,양손 피해: (89-105) - (254-300)/요구 레벨: 76/필요 힘: 163/필요 민첩: 77/기본 무기 속도: [10]/피해 180 - 230% 증가/명중률 보너스 100-150%/화염 피해 63 - 324 추가/번개 피해 63-324 추가/냉기 피해 63 - 324 추가/공격 속도 +20%/18 레벨 점화 화살 (충전 150회)/홈 있음 (2),-,크로스보우
198,죽음조각 배틀 다트/(Deathbit Battle Dart) 15/익셉셔널/#데쓰비트,투척 피해: (25-30) - (55-67)/한손 피해: (18-22) - (36-44)/요구 레벨: 44/필요 힘: 25/필요 민첩: 52/기본 무기 속도: [0]/수량: 160/피해 130 - 180% 증가/치명적 공격 40%/명중률 +200-450/적중당 생명력 7-9% 훔침/적중당 마나 4-6% 훔침/중첩 수량 1 회복 (4초마다),-,스로잉
199,무두도끼 프랜시스카/(The Scalper Francisca) 27/익셉셔널/#스캘퍼,투척 피해: (45-54) - (82-99)/한손 피해: (27-33) - (55-66)/요구 레벨: 57/필요 힘: 25/필요 민첩: 80/기본 무기 속도: [10]/수량: 130/피해 150 - 200% 증가/상처 악화 확률 33%/적 처치 시 마나 +4/공격 속도 +20%/명중률 보너스 25%/적중당 생명력 4-6% 훔침/중첩 수량 1 회복 (3초마다),-,스로잉
200,난도질 도끼 윙드 액스/(Lacerator Winged Axe) 13/엘리트/#래서레이트,투척 피해: (17-21) - (150-186)/한손 피해: (27-34) - (140-173)/요구 레벨: 68/필요 힘: 96/필요 민첩: 122/기본 무기 속도: [-10]/수량: 180/피해 150 - 210% 증가/공격 속도 +30%/상처 악화 확률 33%/괴물 회복 저지/적중 시 괴물 도주 50%/타격 시 33% 확률로 레벨 3 피해 증폭 시전/중첩 수량 1 회복 (4초마다),-,스로잉
201,아른날 플라잉액스/(Gimmershred Flying Axe) 66/엘리트/#김머쉬레드,투척 피해: (39-46) - (171-204)/한손 피해: (44-52) - (169-201)/요구 레벨: 70/필요 힘: 88/필요 민첩: 108/기본 무기 속도: [10]/수량: 240/피해 160 - 210% 증가/화염 피해 218 - 483 추가/번개 피해 29-501 추가/냉기 피해 176 - 397 추가 (4초에 걸쳐)/공격 속도 +30%/중첩 수량 60 증가,-,스로잉
202,전쟁표창 윙드 나이프/(Warshrike Winged Knife) 50/엘리트/#워슈라이크,투척 피해: (69-80) - (117-136)/한손 피해: (81-94) - (105-122)/요구 레벨: 75/필요 힘: 45/필요 민첩: 142/기본 무기 속도: [-20]/수량: 200/피해 200 - 250% 증가/치명적 공격 50%/공격 속도 +30%/관통 50%/타격 시 25% 확률로 레벨 9 번개 파장 시전/중첩 수량 1 회복 (3초마다)/(래더 전용),-,스로잉
203,바르툭의 목 따개 그레이터 탤런/(Bartuc's Cut-Throat Greater Talons) 120/익셉셔널/암살자 전용/#바르턱스의 촙촙 #촙촙이,한손 피해: (77-88) - (137-155)/요구 레벨: 42/필요 힘: 79/필요 민첩: 79/내구도: 69/기본 무기 속도: [-30]/(암살자 전용)/피해 150 - 200% 증가/피해 25 - 50 추가/타격 회복 속도 +30%/명중률 보너스 20%/적중당 생명력 5-9% 훔침/힘 +20/민첩 +20/+2 모든 암살자 기술 레벨/+1 모든 무술 기술 레벨 (암살자 전용),-,클러
204,비취 발톱 리스트 소드/(Jade Talons Wrist Sword) 124/엘리트/암살자 전용/#제이드 탈런,한손 피해: (98-115) - (130-153)/요구 레벨: 66/필요 힘: 105/필요 민첩: 105/내구도: 56/기본 무기 속도: [-10]/(암살자 전용)/피해 190 - 240% 증가/+1-2 모든 무술 기술 레벨 (암살자 전용)/+1-2 모든 그림자 단련 기술 레벨 (암살자 전용)/타격 회복 속도 +30%/적중당 마나 10-15% 훔침/모든 저항 +40-50,-,클러
205,불도마뱀의 발톱 페럴 클러/(Firelizard's Talons Feral Claws) 40/엘리트/암살자 전용/#파이어리저드의 탤런스,한손 피해: (66-81) - (159-196)/요구 레벨: 67/필요 힘: 113/필요 민첩: 113/내구도: 52/기본 무기 속도: [-20]/(암살자 전용)/피해 200 - 270% 증가/화염 피해 236 - 480 추가/공격 속도 +15%/+1-3 모든 무술 기술 레벨 (암살자 전용)/+1-2 웨이크 오브 인페르노 (암살자 전용)/+1-2 웨이크 오브 파이어 (암살자 전용)/화염 저항 +40-70%,-,클러
206,죽음의 그림자 배틀 세스터스/(Shadow Killer Battle Cestus) 16/엘리트/암살자 전용/#쉐도우 킬러,한손 피해: (145-172) - (170-201)/요구 레벨: 78/필요 힘: 100/필요 민첩: 100/기본 무기 속도: [-10]/(암살자 전용)/피해 170 - 220% 증가/대상의 방어력 -25%/대상 빙결 +2/적 처치 시 마나 +10-15/타격 시 33% 확률로 레벨 8 서릿발 시전/파괴되지 않음/무형 (수리 불가),-,클러
207,망울 스월링 크리스탈/(The Oculus Swirling Crystal) 156/익셉셔널/원소술사 전용/#오큘러스 #신오브,한손 피해: 18 - 42/요구 레벨: 42/내구도: 50/기본 무기 속도: [10]/(원소술사 전용)/+3 모든 원소술사 기술 레벨 (원소술사 전용)/적 처치 시 마나 +5/모든 저항 +20/피격 시 25% 확률로 레벨 1 순간이동 시전/시전 속도 +30%/활력 +20/마력 +20/방어력 20% 증가/마법 아이템 발견 확률 50% 증가,얼음 보주 원소술사(오브 소서리스)/독사마술사의 가죽 (Skin of the Vipermagi)/마라의 만화경 (Mara's Kaleidoscope)/마수 (Magefist)/영혼(방패) (Spirit)/전쟁 여행자 (War Traveler),오브
208,에슈타의 성미 엘드리치 오브/(Eschuta's Temper Eldritch Orb) 93/엘리트/원소술사 전용/#에슈타스 템퍼,한손 피해: 18 - 50/요구 레벨: 72/내구도: 30/기본 무기 속도: [-10]/(원소술사 전용)/+1-3 모든 원소술사 기술 레벨/시전 속도 +40%/화염 기술 피해 +10-20%/번개 기술 피해 +10-20%/마력 +20 - 30,번개 원소술사(체라 소서리스)/불사조(쉴드) (Phoenix)/명예의 굴레 (Chains of Honor)/마라의 만화경 (Mara's Kaleidoscope)/마수 (Magefist)/요르단의 반지 (Stone of Jordan)/모래폭풍 여로 (Sandstorm Trek)/그리폰의 눈 (Griffon's Eye)/거미 그물띠 (Arachnid Mesh),오브
209,죽음의 깊이 디멘셔널 샤드/(Death's Fathom Dimensional Shard) 19/엘리트/원소술사 전용/#데쓰 패썸,한손 피해: 30 - 53/요구 레벨: 73/내구도: 50/기본 무기 속도: [10]/(원소술사 전용)/+3 모든 원소술사 기술 레벨 (원소술사 전용)/시전 속도 +20%/냉기 기술 피해 +15-30%/번개 저항 +25-40%/화염 저항 +25-40%/(래더 전용),-,오브
210,비긴의 모자 캡/(Biggin's Bonnet Cap) 3/노멀/#비긴즈 보넷,방어력: 17 - 19 (기본 방어력: 3 - 5)/요구 레벨: 3/내구도: 12/피해 30% 증가/방어력 +14/명중률 +30/마나 +15/생명력 +15,-,헬름
211,영예의 두건모 헬름/(Coif of Glory Helm) 15/노멀/#커이프 오브 글로리,방어력: 25 - 28 (기본 방어력: 15 - 18)/요구 레벨: 14/필요 힘: 26/내구도: 24/방어력 +10/공격자가 번개 피해를 7 받음/적중 시 대상 실명/번개 저항 +15%/원거리 공격 방어력 +100,-,헬름
212,타른헬름 스컬 캡/(Tarnhelm Skull Cap) 20/노멀/#탄헬름,방어력: 8 - 11/요구 레벨: 15/필요 힘: 15/내구도: 18/+1 모든 기술 레벨/마법 아이템 발견 확률 25-50% 증가/괴물에게서 얻는 금화 75% 증가,-,헬름
213,황혼심연 풀 헬름/(Duskdeep Full Helm) 25/노멀/#더스크디프,방어력: 45 - 60 (기본 방어력: 23 - 26)/요구 레벨: 17/필요 힘: 41/내구도: 30/방어력 30-50% 증가/방어력 +10-20/피해 7 감소/모든 저항 +15/최대 피해 +8/시야 -2,-,헬름
214,섬뜩한 얼굴 마스크/(The Face of Horror Mask) 19/노멀/#더 페이스 오브 호러,방어력: 34 - 52 (기본 방어력: 9 - 27)/요구 레벨: 20/필요 힘: 23/내구도: 20/방어력 +25/언데드에게 주는 피해 +50%/적중 시 괴물 도주 50%/모든 저항 +10/힘 +20,-,헬름
215,벌레두개골 본 헬름/(Wormskull Bone Helm) 13/노멀/#웜스컬,방어력: 33 - 36/요구 레벨: 21/필요 힘: 25/내구도: 40/+1 모든 강령술사 기술 레벨/독 피해 80 추가 (8초에 걸쳐)/적중당 생명력 5% 훔침/독 저항 +25%/마나 +10,-,헬름
216,울부짖는 엄니 그레이트 헬름/(Howltusk Great Helm) 18/노멀/#하울터스크,방어력: 64 (기본 방어력: 30 - 35)/요구 레벨: 25/필요 힘: 63/내구도: 40/받는 피해의 35%만큼 마나 회복/방어력 80% 증가/마법 피해 2 감소/공격자가 피해를 3 받음/밀쳐내기/적중 시 괴물 도주 25%,-,헬름
217,평민의 왕관 워 햇/(Peasant Crown War Hat) 13/익셉셔널/#페전트 크라운,방어력: 108 (기본 방어력: 45 - 53)/요구 레벨: 28/필요 힘: 20/내구도: 12/방어력 100% 증가/+1 모든 기술 레벨/달리기/걷기 속도 +15%/생명력 회복 +6-12/마력 +20/활력 +20,-,헬름
218,언데드 왕관 크라운/(Undead Crown Crown) 74/노멀/#언데드 크라운,방어력: 99 - 113 (기본 방어력: 25 - 45)/요구 레벨: 29/필요 힘: 55/내구도: 50/방어력 30-60% 증가/언데드에게 주는 피해 +50%/언데드에 대한 명중률 +50-100/빙결 지속시간 절반으로 감소/적중당 생명력 5% 훔침/독 저항 +50%/방어력 +40/+3 해골 숙련 (강령술사 전용),-,헬름
219,바위막이 샐릿/(Rockstopper Sallet) 23/익셉셔널/#록스토퍼,방어력: 163 - 201 (기본 방어력: 52 - 62)/요구 레벨: 31/필요 힘: 43/내구도: 18/방어력 160-220% 증가/피해 10% 감소/타격 회복 속도 +30%/냉기 저항 +20-40%/화염 저항 +20-50%/번개 저항 +20-40%/활력 +15,-,헬름
220,두개골 도둑 캐스크/(Stealskull Casque) 12/익셉셔널/#스틸스컬,방어력: 219 - 248 (기본 방어력: 63 - 72)/요구 레벨: 35/필요 힘: 59/내구도: 24/방어력 200-240% 증가/공격 속도 +10%/타격 회복 속도 +10%/적중당 생명력 5% 훔침/적중당 마나 5% 훔침/마법 아이템 발견 확률 30-50% 증가,-,헬름
221,어둑눈 투구 배서넷/(Darksight Helm Basinet) 16/익셉셔널/#다크사이트 헬름,방어력: (77 - 273) - (86 - 282) (기본 방어력: 75 - 84)/요구 레벨: 38/필요 힘: 82/내구도: 30/방어력 +2 - 198 (캐릭터 레벨당 2)/피격 시 6% 확률로 레벨 3 딤 비전 시전/5 레벨 클럭 오브 쉐도우 (충전 30회)/빙결되지 않음/화염 저항 +20-40%/적중당 마나 5% 훔침/시야 -4,-,헬름
222,블랙혼의 얼굴 데스마스크/(Blackhorn's Face Death Mask) 28/익셉셔널/#블랙혼의페이스,방어력: 243 - 278 (기본 방어력: 54 - 86)/요구 레벨: 41/필요 힘: 55/내구도: 20/방어력 180-220% 증가/대상 감속 20%/공격자가 번개 피해를 25 받음/괴물 회복 저지/번개 피해 20 흡수/번개 저항 +15%,-,헬름
223,흡혈귀의 눈길 그림 헬름/(Vampire Gaze Grim Helm) 51/익셉셔널/#벰파이어 게이즈,방어력: 252 (기본 방어력: 60 - 125)/요구 레벨: 41/필요 힘: 58/내구도: 40/방어력 100% 증가/냉기 피해 6 - 22 추가 (4초에 걸쳐)/지구력 고갈 속도 15% 감소/적중당 생명력 6-8% 훔침/적중당 마나 6-8% 훔침/피해 15 - 20% 감소/마법 피해 10-15 감소,근접 직업군/선혈 기수 (Gore Rider)/강철찢개 (Steelrend)/베르둔고의 튼튼한 노끈 (Verdungo's Hearty Cord)/드라쿨의 손아귀 (Dracul's Grasp)/용병/통찰 (Insight)/인내(아머) (Fortitude)/무한 (Infinity)/긍지 (Pride),헬름
224,아리앗의 얼굴 슬레이어 가드/(Arreat's Face Slayer Guard) 89/익셉셔널/야만용사 전용/#아리앗의 페이스 #슬가,방어력: 302 - 363 (기본 방어력: 93 - 120)/요구 레벨: 42/필요 힘: 118/내구도: 55/방어력 150-200% 증가/+2 모든 야만용사 기술 레벨/+2 모든 전투기술 기술 레벨 (야만용사 전용)/타격 회복 속도 +30%/명중률 보너스 20%/적중당 생명력 3-6% 훔침/힘 +20/민첩 +20/모든 저항 +30,소용돌이 야만용사(훨윈드 바바리안)/슬픔 (Grief)/죽어가는 자의 숨결 (Breath of the Dying)/수수께끼 (Enigma)/인내(아머) (Fortitude)/강철찢개 (Steelrend)/베르둔고의 튼튼한 노끈 (Verdungo's Hearty Cord)/선혈 기수 (Gore Rider),헬름
225,잘랄의 갈기 토테믹 마스크/(Jalal's Mane Totemic Mask) 155/익셉셔널/드루이드 전용/#잘알의 메인,방어력: 247 - 297 (기본 방어력: 73 - 98)/요구 레벨: 42/필요 힘: 65/내구도: 20/방어력 150-200% 증가/타격 회복 속도 +30%/명중률 보너스 20%/+2 모든 드루이드 기술 레벨/모든 저항 +30/적 처치 시 마나 +5/힘 +20/마력 +20/+2 모든 변신 기술 레벨 (드루이드 전용),늑대 드루이드/무덤 강탈자 (Tomb Reaver)/인내(아머) (Fortitude)/대군주의 진노 (Highlord's Wrath)/드라쿨의 손아귀 (Dracul's Grasp)/칠흑 서리 (Raven Frost)/베르둔고의 튼튼한 노끈 (Verdungo's Hearty Cord)/선혈 기수 (Gore Rider),헬름
226,발키리 날개 윙드 헬름/(Valkyrie Wing Winged Helm) 41/익셉셔널/#발키리 윙,방어력: 247 - 297 (기본 방어력: 85 - 98)/요구 레벨: 44/필요 힘: 115/내구도: 40/방어력 150-200% 증가/+1-2 모든 아마존 기술 레벨/달리기/걷기 속도 +20%/타격 회복 속도 +20%/적 처치 시 마나 +2-4,활 아마존/신념 (Faith)/바람살 (Windforce)/수수께끼 (Enigma)/안수 (Laying of Hands)/전쟁 여행자 (War Traveler)/아트마의 스카라베 (Atma's Scarab)/노스페라투의 고리 (Nosferatu's Coil)/투창 아마존(자벨린 아마존)/거인의 복수 (Titan's Revenge)/불사조(쉴드) (Phoenix)/수수께끼 (Enigma)/모래폭풍 여로 (Sandstorm Trek)/천둥 신의 박력 (Thundergod's Vigor),헬름
227,도둑의 왕관 그랜드 크라운/(Crown of Thieves Grand Crown) 53/익셉셔널/#크라운 오브 디브스,방어력: 296 - 342 (기본 방어력: 78 - 113)/요구 레벨: 49/필요 힘: 103/내구도: 50/방어력 160-200% 증가/적중당 생명력 9-12% 훔침/화염 저항 +33%/마나 +35/생명력 +50/민첩 +25/괴물에게서 얻는 금화 80 - 100% 증가,삥 야만용사(삥 바바리안)/알리바바의 칼날 (Blade Of Ali Baba)/금박 허리띠 (Goldwrap)/왜성 (Dwarf Star)/행운의 장갑 (Chance Guards)/마라의 만화경 (Mara's Kaleidoscope)/지옥불걸음 (Infernostride),헬름
228,악마뿔의 날 디스트로이어 헬름/(Demonhorn's Edge Destroyer Helm) 21/엘리트/야만용사 전용/#데몬혼스 엣지,방어력: 345 - 408 (기본 방어력: 111 - 156)/요구 레벨: 61/필요 힘: 151/내구도: 45/방어력 120-160% 증가/공격 속도 +10%/적중당 생명력 3-6% 훔침/공격자가 피해를 55-77 받음/+1-3 전장의 함성 (야만용사 전용)/+1-3 모든 전투숙련 기술 레벨 (야만용사 전용)/+1-3 모든 전투기술 기술 레벨 (야만용사 전용)/(래더 전용),-,헬름
229,강철 그늘 아메트/(Steel Shade Armet) 14/엘리트/#스틸 쉐이드,방어력: 300 - 345 (기본 방어력: 105 - 149)/요구 레벨: 62/필요 힘: 109/내구도: 24/방어력 100-130% 증가/생명력 회복 +10-18/적중당 마나 4-8% 훔침/화염 피해 5 - 11 흡수,-,헬름
230,할리퀸 관모 샤코/(Harlequin Crest Shako) 185/엘리트/#할리퀸 크레스트,방어력: 98 - 141/요구 레벨: 62/필요 힘: 50/내구도: 12/+2 모든 스킬 레벨/생명력 +1-148 (캐릭터 레벨당 1.5)/마나 +1-148 (캐릭터 레벨당 1.5)/피해 10% 감소/마법 아이템 발견 확률 50% 증가/모든 능력치 +2,망치 성기사(해머 팔라딘)/마라의 만화경 (Mara's Kaleidoscope)/마수 (Magefist)/전쟁 여행자 (War Traveler)/수수께끼 (Enigma)/영혼(방패) (Spirit)/거미 그물띠 (Arachnid Mesh)/참나무의 심장 (Heart of the Oak)/원소술사/에슈타의 성미 (Eschuta's Temper)/불사조(쉴드) (Phoenix)/명예의 굴레 (Chains of Honor)/마라의 만화경 (Mara's Kaleidoscope)/마수 (Magefist)/요르단의 반지 (Stone of Jordan)/모래폭풍 여로 (Sandstorm Trek)/거미 그물띠 (Arachnid Mesh)/마법 직업군/마수 (Magefist)/영혼(방패) (Spirit)/마라의 만화경 (Mara's Kaleidoscope)/거미 그물띠 (Arachnid Mesh)/요르단의 반지 (Stone of Jordan),헬름
231,세레부스의 이빨 블러드 스피리트/(Cerebus' Bite Blood Spirit) 27/엘리트/드루이드 전용/#케레버스 바이트 #백구 뚜껑,방어력: 335 - 350 (기본 방어력: 101 - 145)/요구 레벨: 63/필요 힘: 86/내구도: 20/(드루이드 전용)/방어력 130-140% 증가/명중률 보너스 60-120%/적중당 생명력 7-10% 훔침/상처 악화 확률 33%/+2-4 모든 변신 기술 레벨 (드루이드 전용)/+1-2 흉폭한 격노 (드루이드 전용)/(래더 전용),-,헬름
232,거인 두개골 본 비지즈/(Giant Skull Bone Visage) 47/엘리트/#자이언트 스컬,방어력: 350 - 477 (기본 방어력: 100 - 157)/요구 레벨: 65/필요 힘: 106/내구도: 40/방어력 +250-320/강타 확률 +10%/밀쳐내기/힘 +25-35/홈 있음 (1-2),-,헬름
233,까마귀전승 스카이 스피리트/(Ravenlore Sky Spirit) 14/엘리트/드루이드 전용/#레이븐로어,방어력: 343 - 390 (기본 방어력: 103 - 155)/요구 레벨: 74/필요 힘: 113/내구도: 20/(드루이드 전용)/방어력 120-150% 증가/+7 큰까마귀 (드루이드 전용)/+3 모든 원소 기술 레벨 (드루이드 전용)/마력 +20 - 30/대상의 화염 저항 -10-20%/모든 저항 +15-25,-,헬름
234,밤날개의 너울 스파이어드 헬름/(Nightwing's Veil Spired Helm) 22/엘리트/#나이트윙의 베일 #스파 헬름,방어력: 304 - 352 (기본 방어력: 114 - 159)/요구 레벨: 67/필요 힘: 96/내구도: 40/방어력 90-120% 증가/+2 모든 기술 레벨/냉기 기술 피해 +8-15%/민첩 +10-20/냉기 피해 5 - 9 흡수/빙결 지속시간 절반으로 감소/착용 조건 -50%,-,헬름
235,영혼 수호자 어스 스피리트/(Spirit Keeper Earth Spirit) 16/엘리트/드루이드 전용/#스피리트 키퍼,방어력: 413 - 443 (기본 방어력: 107 - 152)/요구 레벨: 67/필요 힘: 104/내구도: 20/(드루이드 전용)/방어력 170-190% 증가/+1-2 모든 드루이드 기술 레벨/타격 회복 속도 +20%/최대 독 저항 +10%/화염 저항 +30-40%/번개 피해 9 - 14 흡수/냉기 피해 15 - 25 흡수,-,헬름
236,강철의 베일 스파이어드 헬름/(Veil of Steel Spired Helm) 5/엘리트/#베일 오브 스틸,방어력: 396 (기본 방어력: 114 - 159)/요구 레벨: 73/필요 힘: 192/내구도: 60/방어력 60% 증가/방어력 +140/모든 저항 +50/힘 +15/활력 +15/시야 -4,-,헬름
237,할라버드의 통치 컨커러 크라운/(Halaberd's Reign Conqueror Crown) 15/엘리트/야만용사 전용/#할라버드의 레인,방어력: 384 - 432 (기본 방어력: 114 - 159)/요구 레벨: 77/필요 힘: 174/내구도: 50/방어력 140-170% 증가/생명력 회복 +15-23/타격 회복 속도 +20%/+2 모든 야만용사 기술 레벨/+1 모든 전투숙련 기술 레벨 (야만용사 전용)/+1-2 전투 명령 (야만용사 전용)/+1-2 전투 지시 (야만용사 전용),-,헬름
238,울부짖는 늑대 퓨리 바이저/(Wolfhowl Fury Visor) 143/엘리트/야만용사 전용/#울프하울,방어력: 332 - 377 (기본 방어력: 105 - 150)/요구 레벨: 79/필요 힘: 129/내구도: 35/방어력 120-150% 증가/+2-3 모든 함성 기술 레벨 (야만용사 전용)/+3-6 흉폭한 격노/+3-6 변신술/+3-6 늑대인간/힘 +8-15/민첩 +8-15/활력 +8-15/15 레벨 광포한 늑대 소환 (충전 18회),-,헬름
239,시대의 왕관 코로나/(Crown of Ages Corona) 60/엘리트/#크라운 오브 에이지스,방어력: 349 - 399 (기본 방어력: 111 - 165)/요구 레벨: 82/필요 힘: 174/방어력 50% 증가/방어력 +100-150/+1 모든 기술 레벨/피해 10 - 15% 감소/모든 저항 +20-30/타격 회복 속도 +30%/홈 있음 (1-2)/파괴되지 않음,-,헬름
240,안다리엘의 두개골 데몬헤드/(Andariel's Visage Demonhead) 82/엘리트/#안다리엘의 비지스 #안다 머리,방어력: 310 - 387 (기본 방어력: 101 - 154)/요구 레벨: 83/필요 힘: 102/내구도: 20/방어력 100-150% 증가/+2 모든 기술 레벨/공격 속도 +20%/적중당 생명력 8-10% 훔침/힘 +25-30/최대 독 저항 +10%/화염 저항 -30%/독 저항 +70%/피격 시 15% 확률로 레벨 15 포이즌 노바 시전/3 레벨 베넘 (충전 20회)/(래더 전용),용병/통찰 (Insight)/인내(아머) (Fortitude)/무한 (Infinity)/긍지 (Pride),헬름
241,회색 형체 퀄티드 아머/(Greyform Quilted Armor) 3/노멀/#그레이폼,방어력: 28 - 31 (기본 방어력: 8 - 11)/요구 레벨: 7/필요 힘: 12/내구도: 20/방어력 +20/적중당 생명력 5% 훔침/마법 피해 3 감소/냉기 저항 +20%/화염 저항 +20%/민첩 +10,-,아머
242,점멸박쥐의 형상 레더 아머/(Blinkbat's Form Leather Armor) 2/노멀/#블링크뱃츠 폼,방어력: 39 - 42 (기본 방어력: 14 - 17)/요구 레벨: 12/필요 힘: 15/내구도: 24/방어력 +25/원거리 공격 방어력 +50/달리기/걷기 속도 +10%/타격 회복 속도 +40%/화염 피해 3 - 6 추가,-,아머
243,백인대장 하드레더아머/(The Centurion Hard Leather Armor) 7/노멀/#더 센츄리언,방어력: 51 - 54 (기본 방어력: 21 - 24)/요구 레벨: 14/필요 힘: 20/내구도: 28/방어력 +30/생명력 회복 +5/명중률 +50/마나 +15/최대 지구력 +15/생명력 +15/지구력 고갈 속도 25% 감소/피해 2 감소,-,아머
244,어둠빛 링 메일/(Darkglow Ring Mail) 10/노멀/#다크글로우,방어력: 83 - 98 (기본 방어력: 45 - 48)/요구 레벨: 14/필요 힘: 36/내구도: 26/방어력 70-100% 증가/최대 독 저항 +5%/최대 냉기 저항 +5%/최대 번개 저항 +5%/최대 화염 저항 +5%/근거리 공격 방어력 +50/명중률 +20/모든 저항 +10/시야 +3,-,아머
245,매 사슬갑옷 스케일 메일/(Hawkmail Scale Mail) 16/노멀/#호크메일,방어력: 109 - 122 (기본 방어력: 57 - 60)/요구 레벨: 15/필요 힘: 44/내구도: 36/방어력 80-100% 증가/달리기/걷기 속도 +10%/최대 냉기 저항 +15%/냉기 저항 +15%/빙결되지 않음,-,아머
246,뒤틀린 단말마 스터디드 레더/(Twitchthroe Studded Leather) 10/노멀/#트윗치쓰로,방어력: 57 - 60 (기본 방어력: 32 - 35)/요구 레벨: 16/필요 힘: 27/내구도: 32/방어력 +25/막기 확률 25% 증가/타격 회복 속도 +20%/공격 속도 +20%/민첩 +10/힘 +10,-,아머
247,불꽃 튀는 사슬 갑옷 체인 메일/(Sparking Mail Chain Mail) 9/노멀/#스파킹 메일,방어력: 133 - 140 (기본 방어력: 72 - 75)/요구 레벨: 17/필요 힘: 48/내구도: 45/방어력 75-85% 증가/번개 저항 +30%/공격자가 번개 피해를 10-14 받음/번개 피해 1-20 추가,-,아머
248,맹독 호신부 브레스트 플레이트/(Venom Ward Breast Plate) 17/노멀/#베넘워드,방어력: 110 - 138 (기본 방어력: 65 - 68)/요구 레벨: 20/필요 힘: 30/내구도: 50/방어력 60-100% 증가/시야 +2/최대 독 저항 +15%/독 저항 +90%/독 지속 시간 50% 감소,-,아머
249,얼음빛 스플린트 메일/(Iceblink Splint Mail) 22/노멀/#아이스블링크,방어력: 163 - 172 (기본 방어력: 90 - 95)/요구 레벨: 22/필요 힘: 51/내구도: 30/방어력 70-80% 증가/대상 빙결/냉기 저항 +30%/마법 피해 1 감소/시야 +4,-,아머
250,뼈살점 플레이트 메일/(Boneflesh Plate Mail) 8/노멀/#본플레쉬,방어력: 234 - 257 (기본 방어력: 108 - 116)/요구 레벨: 26/필요 힘: 65/내구도: 60/방어력 100-120% 증가/적중당 생명력 5% 훔침/상처 악화 확률 25%/명중률 +35,-,아머
251,바위털가죽 필드 플레이트/(Rockfleece Field Plate) 9/노멀/#락플리스,방어력: 212 - 243 (기본 방어력: 101 - 105)/요구 레벨: 28/필요 힘: 50/내구도: 48/방어력 100-130% 증가/착용 조건 -10%/피해 10% 감소/힘 +5/피해 5 감소,-,아머
252,승자의 비단 에인션트 아머/(Silks of the Victor Ancient Armor) 14/노멀/#실크 오브 빅터,방어력: 468 - 514 (기본 방어력: 218 - 233)/요구 레벨: 28/필요 힘: 100/내구도: 60/방어력 100-120% 증가/+1 모든 기술 레벨/적중당 마나 5% 훔침/시야 +2,-,아머
253,혼령 장막 고스트 아머/(The Spirit Shroud Ghost Armor) 15/익셉셔널/#스피리트 슈라우드,방어력: 295 (기본 방어력: 102 - 117)/요구 레벨: 28/필요 힘: 38/내구도: 20/방어력 150% 증가/빙결되지 않음/+1 모든 기술 레벨/생명력 회복 +10/마법 피해 7-11 감소,-,아머
254,황금 가죽 풀 플레이트 메일/(Goldskin Full Plate Mail) 23/노멀/#골드스킨,방어력: 356 - 405 (기본 방어력: 150 - 161)/요구 레벨: 28/필요 힘: 80/내구도: 70/방어력 120-150% 증가/시야 +2/모든 저항 +35/공격자가 피해를 10 받음/괴물에게서 얻는 금화 100% 증가,-,아머
255,독사마술사의 가죽 서펀트스킨 아머/(Skin of the Vipermagi Serpentskin Armor) 128/익셉셔널/#스킨 오브 바이퍼마이자이 #소서 구교복,방어력: 279 (기본 방어력: 111 - 126)/요구 레벨: 29/필요 힘: 43/내구도: 24/방어력 120% 증가/+1 모든 기술 레벨/시전 속도 +30%/마법 피해 9-13 감소/모든 저항 +20-35,얼음 보주 원소술사(오브 소서리스)/마라의 만화경 (Mara's Kaleidoscope)/마수 (Magefist)/영혼(방패) (Spirit)/전쟁 여행자 (War Traveler)/망울 (The Oculus),아머
256,성가신 철창 고딕 플레이트/(Rattlecage Gothic Plate) 21/노멀/#래틀케이지,방어력: 328 - 335 (기본 방어력: 128 - 135)/요구 레벨: 29/필요 힘: 70/내구도: 55/방어력 +200/강타 확률 +25%/적중 시 괴물 도주 40%/명중률 +45,-,아머
257,천상의 의복 라이트 플레이트/(Heavenly Garb Light Plate) 10/노멀/#헤븐리 가브,방어력: 216 (기본 방어력: 90 - 107)/요구 레벨: 29/필요 힘: 41/내구도: 60/방어력 100% 증가/마나 재생 +25%/모든 저항 +10/마력 +15/언데드에게 주는 피해 +50%/언데드에 대한 명중률 +100,-,아머
258,벗겨진 자의 가죽 데몬하이드 아머/(Skin of the Flayed One Demonhide Armor) 29/익셉셔널/#스킨 오브 플라이드 원,방어력: 342 - 397 (기본 방어력: 122 - 136)/요구 레벨: 31/필요 힘: 50/내구도: 58/방어력 150-190% 증가/내구도 1 회복 (10초마다)/적중당 생명력 5-7% 훔침/생명력 회복 +15-25/공격자가 피해를 15 받음,-,아머
259,무쇠 털가죽 트렐리스드 아머/(Iron Pelt Trellised Armor) 8/익셉셔널/#아이언 펠트,방어력: (234 - 528) - (311 - 605) (기본 방어력: 138 - 153)/요구 레벨: 33/필요 힘: 61/내구도: 157/방어력 50-100% 증가/방어력 +3 - 297 (캐릭터 레벨당 3)/피해 15 - 20 감소/마법 피해 10-16 감소/생명력 +25,-,아머
260,까마귀 울음 티귤레이티드 메일/(Crow Caw Tigulated Mail) 29/익셉셔널/#크로우 코우,방어력: 477 - 534 (기본 방어력: 176 - 190)/요구 레벨: 37/필요 힘: 86/내구도: 36/방어력 150-180% 증가/공격 속도 +15%/타격 회복 속도 +15%/상처 악화 확률 35%/민첩 +15,-,아머
261,영혼의 용광로 링크드 메일/(Spirit Forge Linked Mail) 17/익셉셔널/#스피리트 포지,방어력: 380 - 449 (기본 방어력: 158 - 172)/요구 레벨: 35/필요 힘: 74/내구도: 26/방어력 120-160% 증가/생명력 +1 - 123 (캐릭터 레벨당 1.25)/화염 저항 +5%/화염 피해 20 - 65 추가/힘 +15/홈 있음 (2)/시야 +4,-,아머
262,장대막이 메쉬 아머/(Shaftstop Mesh Armor) 36/익셉셔널/#샤프트스톱,방어력: 599 - 684 (기본 방어력: 198 - 213)/요구 레벨: 38/필요 힘: 92/내구도: 45/방어력 180-220% 증가/피해 30% 감소/원거리 공격 방어력 +250/생명력 +60,-,아머
263,두리엘의 껍질 퀴래스/(Duriel's Shell Cuirass) 35/익셉셔널/#듀리엘의 쉘,방어력: (528 - 650) - (610 - 732) (기본 방어력: 188 - 202)/요구 레벨: 41/필요 힘: 65/내구도: 150/방어력 160-200% 증가/방어력 +1 - 123 (캐릭터 레벨당 1.25)/생명력 +1 - 99 (캐릭터 레벨당 1)/화염 저항 +20%/번개 저항 +20%/독 저항 +20%/냉기 저항 +50%/빙결되지 않음/힘 +15,-,아머
264,스쿨더의 분노 러셋 아머/(Skullder's Ire Russet Armor) 41/익셉셔널/#스컬더의 아이어,방어력: 634 - 732 (기본 방어력: 225 - 243)/요구 레벨: 42/필요 힘: 97/내구도: 90/방어력 160-200% 증가/내구도 1 회복 (5초마다)/마법 아이템 발견 확률 1-123% 증가 (캐릭터 레벨당 1.25)/+1 모든 기술 레벨/마법 피해 10 감소,-,아머
265,수호 천사 템플러 코트/(Guardian Angel Templar Coat) 108/익셉셔널/#가디안 엔젤 #팔라 교복,방어력: 770 - 825 (기본 방어력: 252 - 274)/요구 레벨: 45/필요 힘: 118/내구도: 60/방어력 180-200% 증가/막기 확률 +20% 증가/막기 속도 +30%/악마에 대한 명중률 +2-247 (캐릭터 레벨당 2.5)/+1 모든 성기사 기술 레벨/시야 +4/최대 독 저항 +15%/최대 냉기 저항 +15%/최대 번개 저항 +15%/최대 화염 저항 +15%,-,아머
266,강철니 샤크투스 아머/(Toothrow Sharktooth Armor) 10/익셉셔널/#투쓰로,방어력: 713 - 888 (기본 방어력: 242 - 258)/요구 레벨: 48/필요 힘: 103/내구도: 63/방어력 160-220% 증가/방어력 +40-60/상처 악화 확률 40%/화염 저항 +15%/힘 +10/공격자가 피해를 20-40 받음,-,아머
267,아트마의 통곡 임바스트 플레이트/(Atma's Wail Embossed Plate) 15/익셉셔널/#아트마의 와일,방어력: (670 - 866) - (792 - 988) (기본 방어력: 282 - 303)/요구 레벨: 51/필요 힘: 125/내구도: 105/방어력 120-160% 증가/방어력 +2 - 198 (캐릭터 레벨당 2)/타격 회복 속도 +30%/생명력 회복 +10/최대 마나 15% 증가/민첩 +15/마법 아이템 발견 확률 20% 증가,-,아머
268,쿠에 히간의 지혜 메이지 플레이트/(Que-Hegan's Wisdom Mage Plate) 69/익셉셔널/#퀘-히간의 위즈덤 #소서 동복,방어력: 628 - 681 (기본 방어력: 225 - 261)/요구 레벨: 51/필요 힘: 55/내구도: 60/방어력 140-160% 증가/+1 모든 기술 레벨/적 처치 시 마나 +3/시전 속도 +20%/타격 회복 속도 +20%/마법 피해 6-10 감소/마력 +15,-,아머
269,검은 하데스 카오스 아머/(Black Hades Chaos Armor) 36/익셉셔널/#블랙 하이드스,방어력: 823 - 1029 (기본 방어력: 315 - 342)/요구 레벨: 53/필요 힘: 140/내구도: 70/방어력 140-200% 증가/악마에게 주는 피해 +30-60%/악마에 대한 명중률 +200-250/빙결 지속시간 절반으로 감소/홈 있음 (3)/시야 -2,-,아머
270,망자의 애도 오네이트 플레이트/(Corpsemourn Ornate Plate) 25/익셉셔널/#커프스모온,방어력: 1127 - 1262 (기본 방어력: 417 - 450)/요구 레벨: 55/필요 힘: 170/내구도: 60/방어력 150-180% 증가/5 레벨 시체 폭발 (충전 40회)/화염 피해 12 - 36 추가/피격 시 6% 확률로 레벨 2 가시 박힌 철관 시전/냉기 저항 +35%/활력 +10/힘 +8,-,아머
271,거대괴수 크라켄 쉘/(Leviathan Kraken Shell) 51/엘리트/#레비아탄,방어력: 1514 - 1722 (기본 방어력: 417 - 523)/요구 레벨: 65/필요 힘: 174/방어력 170-200% 증가/방어력 +100-150/힘 +40-50/피해 15 - 25% 감소/파괴되지 않음,-,아머
272,강철 갑피 쉐도우 플레이트/(Steel Carapace Shadow Plate) 5/엘리트/#스틸 캐러페이스,방어력: 1618 - 1785 (기본 방어력: 446 - 557)/요구 레벨: 66/필요 힘: 230/내구도: 70/방어력 190-220% 증가/마나 재생 +10-15%/타격 회복 속도 +20%/냉기 저항 +40-60%/피해 9 - 14 감소/내구도 1 회복 (20초마다)/피격 시 8% 확률로 레벨 6 가시 박힌 철관 시전,-,아머
273,기사단의 위세 세이크리드 아머/(Templar's Might Sacred Armor) 28/엘리트/#템플러의 마이트,방어력: 1622 - 1923 (기본 방어력: 487 - 600)/요구 레벨: 74/필요 힘: 232/내구도: 60/방어력 170-220% 증가/원거리 공격 방어력 +250-300/힘 +10-15/활력 +10-15/타격 회복 속도 +20%/최대 지구력 +40-50/+1-2 모든 공격 오라 기술 레벨 (성기사 전용),-,아머
274,오르무스의 장포 더스크 슈라우드/(Ormus' Robes Dusk Shroud) 111/엘리트/#오르무스 로브 #소서 신교복,방어력: 371 - 487 (기본 방어력: 361 - 467)/요구 레벨: 75/필요 힘: 77/내구도: 20/방어력 +10-20/시전 속도 +20%/냉기 기술 피해 +10-15%/화염 기술 피해 +10-15%/번개 기술 피해 +10-15%/+3 무작위 원소술사 기술 레벨 (원소술사 전용)/마나 재생 +10-15%,-,아머
275,티리엘의 권능 세이크리드 아머/(Tyrael's Might Sacred Armor) 18/엘리트/#티리얼의 마이트,방어력: 1322 - 1502 (기본 방어력: 487 - 600)/요구 레벨: 84/방어력 120-150% 증가/악마에게 주는 피해 +50-100%/달리기/걷기 속도 +20%/힘 +20-30/모든 저항 +20-30/빙결되지 않음/착용 조건 -100%/평화를 되찾기위해 몬스터들을 무찔러라/파괴되지 않음/(래더 전용),-,아머
276,검투사의 재앙 와이어 플리스/(The Gladiator's Bane Wire Fleece) 66/엘리트/#글래디에이터의 베인,방어력: 1255 - 1496 (기본 방어력: 375 - 481)/요구 레벨: 85/필요 힘: 111/내구도: 135/방어력 150-200% 증가/방어력 +50/빙결되지 않음/타격 회복 속도 +30%/독 지속 시간 50% 감소/공격자가 피해를 20 받음/피해 15 - 20 감소/마법 피해 15-20 감소,-,아머
277,아르케인의 용맹 발록 스킨/(Arkaine's Valor Balrog Skin) 64/엘리트/#아케인의 발러,방어력: 1295 - 1450 (기본 방어력: 410 - 517)/요구 레벨: 85/필요 힘: 165/내구도: 30/방어력 150-180% 증가/+1-2 모든 기술 레벨/활력 +0-49 (캐릭터 레벨당 0.5)/타격 회복 속도 +30%/피해 10 - 15 감소,-,아머
278,펠타 루나타 버클러/(Pelta Lunata Buckler) 3/노멀,"방어력: 39 (기본 방어력: 4 - 6)/요구 레벨: 2/필요 힘: 12/내구도: 20-24/막기 확률: 50%(성기사), 45%(아마존, 암살자, 야만용사), 40%(드루이드, 강령술사, 원소술사)/성기사 강타 피해: 1 - 3/방어력 30-40% 증가/방어력 +30/막기 확률 20% 증가/막기 속도 40%/마력 +10/활력 +10/힘 +2",-,쉴드
279,그림자 원반 스몰 쉴드/(Umbral Disk Small Shield) 10/노멀/#엄브럴 디스크,"방어력: 45 - 46 (기본 방어력: 8 - 10)/요구 레벨: 9/필요 힘: 22/내구도: 26-31/막기 확률: 65%(성기사), 60%(아마존, 암살자, 야만용사), 55%(드루이드, 강령술사, 원소술사)/성기사 강타 피해: 2 - 3/방어력 40-50% 증가/방어력 +30/막기 확률 30% 증가/적중 시 대상 실명/생명력 +20/민첩 +10/시야 -2/내구도 +10-15",-,쉴드
280,폭풍길드 라지 쉴드/(Stormguild Large Shield) 9/노멀/#스톰길드,"방어력: 52 - 54 (기본 방어력: 12 - 14)/요구 레벨: 13/필요 힘: 34/내구도: 34-39/막기 확률: 72%(성기사), 67%(아마존, 암살자, 야만용사), 62%(드루이드, 강령술사, 원소술사)/성기사 강타 피해: 2 - 4/방어력 50-60% 증가/방어력 +30/막기 확률 +30% 증가/번개 저항 +25%/번개 피해 1-6 추가/공격자가 번개 피해를 3 받음/마법 피해 1 감소",-,쉴드
281,검등 잡이 스파이크 쉴드/(Swordback Hold Spiked Shield) 14/노멀/#소드백 홀드,"방어력: 43 - 51 (기본 방어력: 15 - 25)/요구 레벨: 15/필요 힘: 30/내구도: 40/막기 확률: 60%(성기사), 55%(아마존, 암살자, 야만용사), 50%(드루이드, 강령술사, 원소술사)/성기사 강타 피해: 5 - 9/방어력 30-60% 증가/방어력 +10/막기 확률 20% 증가/상처 악화 확률 50%/공격자가 피해를 10 받음",-,쉴드
282,강철격돌 카이트 쉴드/(Steelclash Kite Shield) 19/노멀/#스틸클래쉬,"방어력: 50 - 58 (기본 방어력: 16 - 18)/요구 레벨: 17/필요 힘: 47/내구도: 45-50/막기 확률: 63%(성기사), 58%(아마존, 암살자, 야만용사), 53%(드루이드, 강령술사, 원소술사)/성기사 강타 피해: 2 - 5/방어력 60-100% 증가/방어력 +20/막기 확률 25% 증가/막기 속도 20%/모든 저항 +15/+1 모든 성기사 기술 레벨/시야 +3/피해 3 감소",-,쉴드
283,브베리트 성채 타워 쉴드/(Bverrit Keep Tower Shield) 12/노멀/#브베리트 킵,"방어력: 76 - 87 (기본 방어력: 22 - 25)/요구 레벨: 19/필요 힘: 75/내구도: 140-160/막기 확률: 64%(성기사), 59%(아마존, 암살자, 야만용사), 54%(드루이드, 강령술사, 원소술사)/성기사 강타 피해: 1 - 5/방어력 80-120% 증가/방어력 +30/막기 확률 10% 증가/화염 저항 +75%/힘 +5/마법 피해 5 감소",-,쉴드
284,눈 없는 자의 벽 본 쉴드/(Wall of the Eyeless Bone Shield) 14/노멀/#월 오브 디 아이리스,"방어력: 50 - 53 (기본 방어력: 10 - 30)/요구 레벨: 20/필요 힘: 25/내구도: 40/막기 확률: 50%(성기사), 45%(아마존, 암살자, 야만용사), 40%(드루이드, 강령술사, 원소술사)/성기사 강타 피해: 3 - 6/방어력 30-40% 증가/방어력 +10/적 처치 시 마나 +5/시전 속도 +20%/적중당 마나 3% 훔침/독 저항 +20%",-,쉴드
285,호신부 고딕 쉴드/(The Ward Gothic Shield) 23/노멀/#더 워드,"방어력: 112 (기본 방어력: 30 - 35)/요구 레벨: 26/필요 힘: 60/내구도: 40/막기 확률: 56%(성기사), 51%(아마존, 암살자, 야만용사), 46%(드루이드, 강령술사, 원소술사)/성기사 강타 피해: 2 - 6/방어력 100% 증가/방어력 +40/막기 확률 10% 증가/모든 저항 +30-50/마법 피해 2 감소/힘 +10",-,쉴드
286,적출자 디펜더/(Visceratuant Defender) 14/익셉셔널/#비서러턴트,"방어력: 100 - 125 (기본 방어력: 41 - 49)/요구 레벨: 28/필요 힘: 38/막기 확률: 70%(성기사), 65%(아마존, 암살자, 야만용사), 60%(드루이드, 강령술사, 원소술사)/내구도: 68/성기사 강타 피해: 8 - 12/방어력 100-150% 증가/막기 확률 30% 증가/막기 속도 30%/+1 모든 원소술사 기술 레벨/공격자가 번개 피해를 10 받음",-,쉴드
287,모저의 축복받은 고리 라운드 쉴드/(Moser's Blessed Circle Round Shield) 66/익셉셔널/#모세의 블레스드 서클,"방어력: 156 - 179 (기본 방어력: 47 - 55)/요구 레벨: 31/필요 힘: 53/막기 확률: 67%(성기사), 62%(아마존, 암살자, 야만용사), 57%(드루이드, 강령술사, 원소술사)/내구도: 64/성기사 강타 피해: 7 - 14/방어력 180-220% 증가/막기 확률 +25% 증가/막기 속도 30%/모든 저항 +25/홈 있음 (2)",-,쉴드
288,기병창 보호구 바브드 쉴드/(Lance Guard Barbed Shield) 9/익셉셔널/#랜스 가드,"방어력: 134 - 173 (기본 방어력: 58 - 78)/요구 레벨: 35/필요 힘: 65/막기 확률: 47%(성기사), 42%(아마존, 암살자, 야만용사), 37%(드루이드, 강령술사, 원소술사)/내구도: 55/성기사 강타 피해: 18 - 35/방어력 70-120% 증가/받는 피해의 15%만큼 마나 회복/타격 회복 속도 +30%/치명적 공격 20%/생명력 +50/공격자가 피해를 47 받음",-,쉴드
289,폭풍추격자 스큐텀/(Stormchaser Scutum) 13/익셉셔널/#스톰체이서,"방어력: 161 - 198 (기본 방어력: 53 - 61)/요구 레벨: 35/필요 힘: 71/막기 확률: 64%(성기사), 59%(아마존, 암살자, 야만용사), 54%(드루이드, 강령술사, 원소술사)/내구도: 62/성기사 강타 피해: 11 - 15/방어력 160-220% 증가/막기 확률 +20% 증가/피격 시 4% 확률로 레벨 5 회오리바람 시전/피격 시 4% 확률로 레벨 6 눈보라 시전/막기 속도 10%/명중률 +150/번개 저항 +50%/빙결 지속시간 절반으로 감소/번개 피해 1-60 추가",-,쉴드
290,티아마트의 질책 드래곤 쉴드/(Tiamat's Rebuke Dragon Shield) 50/익셉셔널/#티아마트의 리뷰크,"방어력: 163 - 204 (기본 방어력: 59 - 67)/요구 레벨: 38/필요 힘: 91/막기 확률: 48%(성기사), 43%(아마존, 암살자, 야만용사), 38%(드루이드, 강령술사, 원소술사)/내구도: 116/성기사 강타 피해: 15 - 24/방어력 140-200% 증가/냉기 피해 27 - 53 추가 (6초에 걸쳐)/화염 피해 35 - 95 추가/번개 피해 1-120 추가/피격 시 3% 확률로 레벨 6 히드라 시전/피격 시 5% 확률로 레벨 7 번개 파장 시전/피격 시 5% 확률로 레벨 9 서릿발 시전/모든 저항 +25-35",-,쉴드
291,각성의 벽 그림 쉴드/(Lidless Wall Grim Shield) 28/익셉셔널/#리드리스 월,"방어력: 271 - 347 (기본 방어력: 50 - 150)/요구 레벨: 41/필요 힘: 58/막기 확률: 50%(성기사), 45%(아마존, 암살자, 야만용사), 40%(드루이드, 강령술사, 원소술사)/내구도: 70/성기사 강타 피해: 14 - 20/방어력 80-130% 증가/+1 모든 기술 레벨/최대 마나 10% 증가/시전 속도 +20%/적 처치 시 마나 +3-5/마력 +10/시야 +1",-,쉴드
292,자카룸의 전령 길디드 쉴드/(Herald of Zakarum Gilded Shield) 66/익셉셔널/성기사 전용/#헤럴드 오브 자카럼,방어력: 422 - 507 (기본 방어력: 144 - 168)/요구 레벨: 42/필요 힘: 89/내구도: 50/막기 확률: 82%/성기사 강타 피해: 20 - 28/(성기사 전용)/방어력 150-200% 증가/막기 확률 30% 증가/막기 속도 30%/명중률 보너스 20%/힘 +20/활력 +20/모든 저항 +50/+2 모든 성기사 기술 레벨/+2 모든 전투 기술 기술 레벨 (성기사 전용),-,쉴드
293,호문쿨루스 하이어로펀트 트로피/(Homunculus Hierophant Trophy) 131/익셉셔널/강령술사 전용/#호우먼컬러스,방어력: 177 - 213 (기본 방어력: 58 - 70)/요구 레벨: 42/필요 힘: 58/내구도: 20/막기 확률: 72%/(강령술사 전용)/방어력 150-200% 증가/적 처치 시 마나 +5/막기 확률 +40% 증가/막기 속도 +30%/+2 모든 강령술사 기술 레벨/마력 +20/마나 재생 +33%/모든 저항 +40/+2 모든 저주 기술 레벨 (강령술사 전용),소환 강령술사(조폭 네크로맨서)/야수 (Beast)/할리퀸 관모 (Harlequin Crest)/수수께끼 (Enigma)/마라의 만화경 (Mara's Kaleidoscope)/트래그울의 발톱 (Trang-Oul's Claws)/골수걸음 (Marrowwalk),쉴드
294,게르케의 성역 파비스/(Gerke's Sanctuary Pavise) 21/익셉셔널/#게르크의 생츄어리,"방어력: 221 - 268 (기본 방어력: 68 - 78)/요구 레벨: 44/필요 힘: 133/막기 확률: 84%(성기사), 79%(아마존, 암살자, 야만용사), 74%(드루이드, 강령술사, 원소술사)/내구도: 172/성기사 강타 피해: 10 - 17/방어력 180-240% 증가/막기 확률 +30% 증가/모든 저항 +20-30/생명력 회복 +15/피해 11 - 16 감소/마법 피해 14-18 감소",-,쉴드
295,라다먼트의 명주 에인션트 쉴드/(Radament's Sphere Ancient Shield) 16/익셉셔널/#라다만트 스피어,"방어력: 244 - 282 (기본 방어력: 80 - 93)/요구 레벨: 50/필요 힘: 110/막기 확률: 66%(성기사), 61%(아마존, 암살자, 야만용사), 56%(드루이드, 강령술사, 원소술사)/내구도: 100/성기사 강타 피해: 12 - 16/방어력 160-200% 증가/막기 확률 +20% 증가/막기 속도 +20%/피격 시 5% 확률로 레벨 5 포이즌 노바 시전/6 레벨 포이즌 익스플로전 (충전 40회)/독 저항 +75%/독 피해 80 추가 (4초에 걸쳐)",-,쉴드
296,검은참나무 방패 루나/(Blackoak Shield Luna) 30/엘리트/#블랙오크 쉴드,"방어력: 322 - 372 (기본 방어력: 108 - 123)/요구 레벨: 61/필요 힘: 100/막기 확률: 50%(성기사), 45%(아마존, 암살자, 야만용사), 40%(드루이드, 강령술사, 원소술사)/성기사 강타 피해: 17 - 29/내구도: 129/방어력 160-200% 증가/냉기 피해 0 - 61 흡수 (캐릭터 레벨당 0.625)/생명력 +1 - 123 (캐릭터 레벨당 1.25)/민첩 +0-49 (캐릭터 레벨당 0.5)/막기 속도 +50%/피격 시 4% 확률로 레벨 5 약화 시전/빙결 지속시간 절반으로 감소",-,쉴드
297,어둠의 종자 블러드로드 스컬/(Darkforce Spawn Bloodlord Skull) 22/엘리트/강령술사 전용/#타크포스 스폰,방어력: 357 - 417 (기본 방어력: 103 - 148)/요구 레벨: 65/필요 힘: 106/내구도: 20/막기 확률: 32%/(강령술사 전용)/방어력 140-180% 증가/+1-3 모든 소환 기술 레벨 (강령술사 전용)/+1-3 모든 포이즌&본 기술 레벨 (강령술사 전용)/+1-3 모든 저주 기술 레벨 (강령술사 전용)/시전 속도 +30%/최대 마나 10% 증가/(래더 전용),뼈 강령술사(본 네크로맨서)/수수께끼 (Enigma)/거미 그물띠 (Arachnid Mesh)/요르단의 반지 (Stone of Jordan)/마수 (Magefist),쉴드
298,혼령 호신부 워드/(Spirit Ward Ward) 7/엘리트/#스피리트 워드,"방어력: 393 - 478 (기본 방어력: 153 - 170)/요구 레벨: 68/필요 힘: 185/막기 확률: 74-84%(성기사), 69-79%(아마존, 암살자, 야만용사), 64-74%(드루이드, 강령술사, 원소술사)/성기사 강타 피해: 11 - 35/방어력 130-180% 증가/막기 속도 +25%/막기 확률 20-30% 증가/모든 저항 +30-40/냉기 피해 6 - 11 흡수/피격 시 5% 확률로 레벨 8 페이드 시전",-,쉴드
299,뼈불길 서큐버스 스컬/(Boneflame Succubus Skull) 31/엘리트/강령술사 전용/#본플레임,방어력: 323 - 367 (기본 방어력: 100 - 146)/요구 레벨: 72/필요 힘: 95/내구도: 20/막기 확률: 30%/(강령술사 전용)/방어력 120-150% 증가/달리기/걷기 속도 +20%/+2-3 모든 강령술사 기술 레벨/모든 저항 +20-30/피격 시 15% 확률로 레벨 3 공포 시전,-,쉴드
300,쐐기가시 블레이드 배리어/(Spike Thorn Blade Barrier) 13/엘리트/#스파이크 쏜,"방어력: 360 - 410 (기본 방어력: 147 - 163)/요구 레벨: 70/필요 힘: 118/막기 확률: 50%(성기사), 45%(아마존, 암살자, 야만용사), 40%(드루이드, 강령술사, 원소술사)/내구도: 333/성기사 강타 피해: 26 - 40/방어력 120-150% 증가/타격 회복 속도 +30%/피해 15 - 20% 감소/공격자가 피해를 1-136 받음 (캐릭터 레벨당 1.375)/홈 있음 (1)",-,쉴드
301,폭풍막이 모너크/(Stormshield Monarch) 108/엘리트/#스톰쉴드 #모넉,"방어력: (136 - 504) - (151 - 519) (기본 방어력: 133 - 148)/요구 레벨: 73/필요 힘: 156/막기 확률: 77%(성기사), 72%(아마존, 암살자, 야만용사), 67%(드루이드, 강령술사, 원소술사)/성기사 강타 피해: 12 - 34/방어력 +3 - 371 (캐릭터 레벨당 3.75)/막기 확률 +25% 증가/막기 속도 35%/피해 35% 감소/냉기 저항 +60%/번개 저항 +25%/힘 +30/공격자가 번개 피해를 10 받음/파괴되지 않음",소용돌이 야만용사(훨윈드 바바리안)/슬픔 (Grief)/죽어가는 자의 숨결 (Breath of the Dying)/아리앗의 얼굴 (Arreat's Face)/수수께끼 (Enigma)/인내(아머) (Fortitude)/노스페라투의 고리 (Nosferatu's Coil)/강철찢개 (Steelrend),쉴드
302,머리 사냥꾼의 영예 트롤 네스트/(Head Hunter's Glory Troll Nest) 81/엘리트/#헤드 헌터의 글로리,"방어력: 478 - 593 (기본 방어력: 158 - 173)/요구 레벨: 75/필요 힘: 106/막기 확률: 50%(성기사), 45%(아마존, 암살자, 야만용사), 40%(드루이드, 강령술사, 원소술사)/내구도: 74/성기사 강타 피해: 24 - 38/방어력 +320-420/원거리 공격 방어력 +300-350/화염 저항 +20-30%/독 저항 +30-40%/적 처치 시 생명력 +5-7/홈 있음 (1-3)",-,쉴드
303,메두사의 눈길 이지스/(Medusa's Gaze Aegis) 11/엘리트/#메두사의 게이즈,"방어력: 405 - 453 (기본 방어력: 145 - 161)/요구 레벨: 76/필요 힘: 219/막기 확률: 54%(성기사), 49%(아마존, 암살자, 야만용사), 44%(드루이드, 강령술사, 원소술사)/내구도: 92/성기사 강타 피해: 18 - 28/방어력 150-180% 증가/적중당 생명력 5-9% 훔침/대상 감속 20%/냉기 저항 +40-80%/피격 시 10% 확률로 레벨 7 로워 레지스트 시전/사망 시 100% 확률로 레벨 44 번개 파장 시전",-,쉴드
304,알마 네그라 세이크리드 론다쉬/(Alma Negra Sacred Rondache) 30/엘리트/성기사 전용,방어력: 461 - 511 (기본 방어력: 138 - 164)/요구 레벨: 77/필요 힘: 109/막기 확률: 78%/성기사 강타 피해: 35 - 58/내구도: 68/(성기사 전용)/방어력 180-210% 증가/+1-2 모든 성기사 기술 레벨/막기 확률 20% 증가/막기 속도 30%/피해 40 - 75% 증가/명중률 보너스 40-75%/마법 피해 5-9 감소,-,쉴드
305,용비늘 자카룸 쉴드/(Dragonscale Zakarum Shield) 16/엘리트/성기사 전용/#드래곤스케일,방어력: 523 - 582 (기본 방어력: 169 - 193)/요구 레벨: 80/필요 힘: 142/내구도: 65/막기 확률: 52%/성기사 강타 피해: 46 - 46/(성기사 전용)/방어력 170-200% 증가/화염 피해 211 - 371 추가/화염 기술 피해 +15%/+10 히드라 (원소술사 전용)/최대 화염 저항 +5%/힘 +15-25/화염 피해 10 - 20 흡수,-,쉴드
306,브록의 손 레더 글러브/(The Hand of Broc Leather Gloves) 10/노멀/#더 핸드 오브 브록,방어력: 14 (기본 방어력: 2 - 3)/요구 레벨: 5/내구도: 12/방어력 10-20% 증가/방어력 +10/적중당 생명력 3% 훔침/적중당 마나 3% 훔침/독 저항 +10%/마나 +20,-,글러브
307,피주먹 헤비 글러브/(Bloodfist Heavy Gloves) 11/노멀/#블러드피스트,방어력: 17 - 18 (기본 방어력: 5 - 6)/요구 레벨: 9/내구도: 14/방어력 10-20% 증가/방어력 +10/공격 속도 +10%/타격 회복 속도 +30%/생명력 +40/최소 피해 +5,-,글러브
308,마수 라이트 건틀릿/(Magefist Light Gauntlets) 74/노멀/#메이지피스트 #메피장 #메피 장갑,방어력: 24 - 25 (기본 방어력: 9 - 11)/요구 레벨: 23/필요 힘: 45/내구도: 18/방어력 20-30% 증가/방어력 +10/+1 모든 화염주문 기술 레벨 (원소술사 전용)/시전 속도 +20%/마나 재생 +25%/화염 피해 1 - 6 추가,망치 성기사(해머 팔라딘)/마라의 만화경 (Mara's Kaleidoscope)/수수께끼 (Enigma)/영혼(방패) (Spirit)/거미 그물띠 (Arachnid Mesh)/참나무의 심장 (Heart of the Oak)/할리퀸 관모 (Harlequin Crest)/전쟁 여행자 (War Traveler)/번개 원소술사(체라 소서리스)/에슈타의 성미 (Eschuta's Temper)/불사조(쉴드) (Phoenix)/명예의 굴레 (Chains of Honor)/마라의 만화경 (Mara's Kaleidoscope)/요르단의 반지 (Stone of Jordan)/모래폭풍 여로 (Sandstorm Trek)/그리폰의 눈 (Griffon's Eye)/거미 그물띠 (Arachnid Mesh)/덫 암살자(트랩 어쌔신)/참나무의 심장 (Heart of the Oak)/영혼(방패) (Spirit)/할리퀸 관모 (Harlequin Crest)/수수께끼 (Enigma)/마수 (Magefist)/거미 그물띠 (Arachnid Mesh)/요르단의 반지 (Stone of Jordan)/소환 강령술사(조폭 네크로맨서)/야수 (Beast)/할리퀸 관모 (Harlequin Crest)/수수께끼 (Enigma)/마라의 만화경 (Mara's Kaleidoscope)/엘리드루/파멸 (Doom)/수수께끼 (Enigma)/영혼(방패) (Spirit)/마라의 만화경 (Mara's Kaleidoscope)/거미 그물띠 (Arachnid Mesh)/요르단의 반지 (Stone of Jordan),글러브
309,서리불꽃 건틀릿/(Frostburn Gauntlets) 14/노멀/#프로스트번,방어력: 47 - 49 (기본 방어력: 12 - 15)/요구 레벨: 29/필요 힘: 60/내구도: 24/방어력 10-20% 증가/방어력 +30/피해 5% 증가/최대 마나 40% 증가/냉기 피해 1 - 6 추가 (2초에 걸쳐),-,글러브
310,행운의 장갑 체인 글러브/(Chance Guards Chain Gloves) 51/노멀/#챈스 가드 #챈가,방어력: 27 - 28 (기본 방어력: 8 - 9)/요구 레벨: 15/필요 힘: 25/내구도: 16/방어력 20-30% 증가/방어력 +15/명중률 +25/마법 아이템 발견 확률 25-40% 증가/괴물에게서 얻는 금화 200% 증가/시야 +2,얼음 보주 원소술사(오브 소서리스)/망울 (The Oculus)/독사마술사의 가죽 (Skin of the Vipermagi)/마라의 만화경 (Mara's Kaleidoscope)/마수 (Magefist)/영혼(방패) (Spirit)/전쟁 여행자 (War Traveler)/삥 야만용사(삥 바바리안)/알리바바의 칼날 (Blade Of Ali Baba)/왜성 (Dwarf Star)/마라의 만화경 (Mara's Kaleidoscope)/지옥불걸음 (Infernostride)/도둑의 왕관 (Crown of Thieves)/금박 허리띠 (Goldwrap),글러브
311,맹독 손아귀 데몬하이드 글러브/(Venom Grip Demonhide Gloves) 19/익셉셔널/#베넘 그립,방어력: 97 - 118 (기본 방어력: 28 - 35)/요구 레벨: 29/필요 힘: 20/내구도: 12/방어력 130-160% 증가/방어력 +15-25/강타 확률 +5%/독 피해 60 추가 (4초에 걸쳐)/적중당 생명력 5% 훔침/최대 독 저항 +5%/독 저항 +30%,-,글러브
312,무덤손바닥 샤크스킨 글러브/(Gravepalm Sharkskin Gloves) 11/익셉셔널/#그레이브팜,방어력: 96 - 112 (기본 방어력: 33 - 39)/요구 레벨: 32/필요 힘: 20/내구도: 14/방어력 140-180% 증가/언데드에게 주는 피해 +100-200%/언데드에 대한 명중률 +100-200/마력 +10/힘 +10,-,글러브
313,구울 가죽 헤비 브레이서/(Ghoulhide Heavy Bracers) 6/익셉셔널/#구울하이드,방어력: 112 - 130 (기본 방어력: 37 - 44)/요구 레벨: 36/필요 힘: 58/내구도: 16/방어력 150-190% 증가/언데드에 대한 명중률 +8-792 (캐릭터 레벨당 8)/언데드에게 주는 피해 +2 - 198% (캐릭터 레벨당 2)/적중당 마나 4-5% 훔침/생명력 +20,-,글러브
314,용암 불똥 배틀 건틀릿/(Lava Gout Battle Gauntlets) 60/익셉셔널/#라바 가우트,방어력: 120 - 144 (기본 방어력: 39 - 47)/요구 레벨: 42/필요 힘: 88/내구도: 38/방어력 150-200% 증가/타격 시 2% 확률로 레벨 10 마법부여 시전/빙결 지속시간 절반으로 감소/화염 피해 13 - 46 추가/공격 속도 +20%/화염 저항 +24%,-,글러브
315,지옥어귀 워 건틀릿/(Hellmouth War Gauntlets) 19/익셉셔널/#헬마우쓰,방어력: 135 - 162 (기본 방어력: 43 - 53)/요구 레벨: 47/필요 힘: 110/내구도: 39/방어력 150-200% 증가/타격 시 4% 확률로 레벨 12 화염폭풍 시전/타격 시 2% 확률로 레벨 4 운석 낙하 시전/화염 피해 15 흡수/화염 피해 15 - 72 추가,-,글러브
316,강철찢개 오우거 건틀릿/(Steelrend Ogre Gauntlets) 16/엘리트/#스틸랜드 #오거장 #오우거 장갑,방어력: 232 - 281 (기본 방어력: 62 - 71)/요구 레벨: 70/필요 힘: 185/내구도: 24/방어력 +170-210/피해 30 - 60% 증가/강타 확률 +10%/힘 +15-20,킥 암살자(킥 어쌔신)/폭풍채찍 (Stormlash)/푸른 서슬 (Azurewrath)/불사조(쉴드) (Phoenix)/수수께끼 (Enigma)/마라의 만화경 (Mara's Kaleidoscope)/그림자 춤꾼 (Shadow Dancer)/늑대 드루이드/무덤 강탈자 (Tomb Reaver)/잘랄의 갈기 (Jalal's Mane)/인내(아머) (Fortitude)/대군주의 진노 (Highlord's Wrath)/칠흑 서리 (Raven Frost)/베르둔고의 튼튼한 노끈 (Verdungo's Hearty Cord)/소용돌이 야만용사(훨윈드 바바리안)/슬픔 (Grief)/죽어가는 자의 숨결 (Breath of the Dying)/아리앗의 얼굴 (Arreat's Face)/수수께끼 (Enigma)/인내(아머) (Fortitude)/노스페라투의 고리 (Nosferatu's Coil),글러브
317,영혼 흡수자 뱀브레이스/(Soul Drainer Vambraces) 14/엘리트/#소울 드레이너,방어력: 129 - 149 (기본 방어력: 59 - 67)/요구 레벨: 74/필요 힘: 106/내구도: 16/방어력 90-120% 증가/적중당 마나 4-7% 훔침/적중당 생명력 4-7% 훔침/적중 시 괴물 방어력 -50/타격 시 8% 확률로 레벨 3 약화 시전,-,글러브
318,드라쿨의 손아귀 뱀파이어본 글러브/(Dracul's Grasp Vampirebone Gloves) 72/엘리트/#드라큘의 그래스프 #뱀파장 #뱀파 장갑,방어력: 125 - 145 (기본 방어력: 56 - 65)/요구 레벨: 76/필요 힘: 50/내구도: 14/방어력 90-120% 증가/힘 +10-15/적 처치 시 생명력 +5-10/상처 악화 확률 25%/적중당 생명력 7-10% 훔침/타격 시 5% 확률로 레벨 10 라이프 탭 시전,강타 성기사(스마이트 팔라딘)/마지막 소원 (Last Wish)/슬픔 (Grief)/추방 (Exile)/수수께끼 (Enigma)/마라의 만화경 (Mara's Kaleidoscope)/고블린 발가락 (Goblin Toe)/베르둔고의 튼튼한 노끈 (Verdungo's Hearty Cord)/소용돌이 야만용사(훨윈드 바바리안)/슬픔 (Grief)/죽어가는 자의 숨결 (Breath of the Dying)/아리앗의 얼굴 (Arreat's Face)/수수께끼 (Enigma)/인내(아머) (Fortitude)/노스페라투의 고리 (Nosferatu's Coil)/늑대 드루이드/무덤 강탈자 (Tomb Reaver)/잘랄의 갈기 (Jalal's Mane)/인내(아머) (Fortitude)/대군주의 진노 (Highlord's Wrath)/칠흑 서리 (Raven Frost)/베르둔고의 튼튼한 노끈 (Verdungo's Hearty Cord),글러브
319,다혈질 부츠/(Hotspur Boots) 12/노멀/#핫스퍼,방어력: 10 (기본 방어력: 2 - 3)/요구 레벨: 5/내구도: 12/암살자 발차기 피해: 3-8/방어력 10-20% 증가/방어력 +6/화염 저항 +45%/최대 화염 저항 +15%/화염 피해 3 - 6 추가/생명력 +15,-,부츠
320,핏덩이발 헤비 부츠/(Gorefoot Heavy Boots) 8/노멀/#고어풋,방어력: 20 - 21 (기본 방어력: 5 - 6)/요구 레벨: 9/필요 힘: 18/내구도: 14/암살자 발차기 피해: 4-10/방어력 20-30% 증가/달리기/걷기 속도 +20%/적중당 마나 2% 훔침/공격자가 피해를 2 받음/방어력 +12/+2 도약 (야만용사 전용),-,부츠
321,크톤의 발 보호대 체인 부츠/(Treads of Cthon Chain Boots) 13/노멀/#트레츠 오브 크던,방어력: 25 - 26 (기본 방어력: 8 - 9)/요구 레벨: 15/필요 힘: 30/내구도: 16/암살자 발차기 피해: 6-12/방어력 30-40% 증가/방어력 +12/지구력 고갈 속도 50% 감소/달리기/걷기 속도 +30%/원거리 공격 방어력 +50/생명력 +10,-,부츠
322,고블린 발가락 라이트 플레이트 부츠/(Goblin Toe Light Plated Boots) 68/노멀/#고블린 토우,방어력: 33 - 34 (기본 방어력: 9 - 11)/요구 레벨: 22/필요 힘: 50/내구도: 18/암살자 발차기 피해: 8-16/방어력 50-60% 증가/강타 확률 +25%/시야 -1/피해 1 감소/마법 피해 1 감소/방어력 +15,-,부츠
323,둔부찢개 그리브/(Tearhaunch Greaves) 28/노멀/#티어헌치,방어력: 60 - 63 (기본 방어력: 12 - 15)/요구 레벨: 29/필요 힘: 70/내구도: 24/암살자 발차기 피해: 10-20/방어력 60-80% 증가/달리기/걷기 속도 +20%/모든 저항 +10/방어력 +35/민첩 +5/힘 +5/+2 원기 (성기사 전용),-,부츠
324,지옥불걸음 데몬하이드 부츠/(Infernostride Demonhide Boots) 66/익셉셔널/#인페르노스트라이드,방어력: 94 - 105 (기본 방어력: 28 - 35)/요구 레벨: 29/필요 힘: 20/내구도: 12/암살자 발차기 피해: 26-46/피격 시 5% 확률로 레벨 8 불길 시전/달리기/걷기 속도 +20%/화염 피해 12 - 33 추가/방어력 120-150% 증가/방어력 +15/최대 화염 저항 +10%/화염 저항 +30%/괴물에게서 얻는 금화 40 - 70% 증가/시야 +2,삥 야만용사(삥 바바리안)/알리바바의 칼날 (Blade Of Ali Baba)/도둑의 왕관 (Crown of Thieves)/금박 허리띠 (Goldwrap)/왜성 (Dwarf Star)/행운의 장갑 (Chance Guards)/마라의 만화경 (Mara's Kaleidoscope),부츠
325,물나그네 샤크스킨 부츠/(Waterwalk Sharkskin Boots) 51/익셉셔널/#워터워크 #물부츠,방어력: 112 - 124 (기본 방어력: 33 - 39)/요구 레벨: 32/필요 힘: 47/내구도: 14/암살자 발차기 피해: 28-50/방어력 180-210% 증가/달리기/걷기 속도 +20%/원거리 공격 방어력 +100/민첩 +15/최대 화염 저항 +5%/지구력 회복 +50%/최대 지구력 +40/생명력 +45-65,-,부츠
326,비단매듭 메쉬 부츠/(Silkweave Mesh Boots) 30/익셉셔널/#실크위버,방어력: 112 - 130 (기본 방어력: 37 - 44)/요구 레벨: 36/필요 힘: 65/내구도: 16/암살자 발차기 피해: 23-52/방어력 150-190% 증가/달리기/걷기 속도 +30%/적 처치 시 마나 +5/최대 마나 10% 증가/원거리 공격 방어력 +200,-,부츠
327,전쟁 여행자 배틀 부츠/(War Traveler Battle Boots) 100/익셉셔널/#워 트래블러 #배추,방어력: 120 - 139 (기본 방어력: 39 - 47)/요구 레벨: 42/필요 힘: 95/내구도: 48/암살자 발차기 피해: 37-64/방어력 150-190% 증가/달리기/걷기 속도 +25%/활력 +10/힘 +10/피해 15 - 25 추가/지구력 고갈 속도 40% 감소/공격자가 피해를 5 받음/마법 아이템 발견 확률 30-50% 증가,망치 성기사(해머 팔라딘)/마라의 만화경 (Mara's Kaleidoscope)/마수 (Magefist)/수수께끼 (Enigma)/영혼(방패) (Spirit)/거미 그물띠 (Arachnid Mesh)/참나무의 심장 (Heart of the Oak)/할리퀸 관모 (Harlequin Crest)/원소술사(소서리스)/탈 라샤의 선고 (Tal Rasha's Adjudication)/탈 라샤의 고운 띠 (Tal Rasha's Fine-Spun Cloth)/탈 라샤의 보호 (Tal Rasha's Guardianship)/탈 라샤의 호라드림 관모 (Tal Rasha's Horadric Crest)/탈 라샤의 잠들지 않는 눈 (Tal Rasha's Lidless Eye)/마라의 만화경 (Mara's Kaleidoscope)/마수 (Magefist),부츠
328,선혈 기수 워 부츠/(Gore Rider War Boots) 153/익셉셔널/#고어 라이더 #고어 부츠,방어력: 140 - 162 (기본 방어력: 43 - 53)/요구 레벨: 47/필요 힘: 94/내구도: 34/암살자 발차기 피해: 39-80/방어력 160-200% 증가/달리기/걷기 속도 +30%/상처 악화 확률 10%/강타 확률 +15%/치명적 공격 15%/착용 조건 -25%/최대 지구력 +20,소용돌이 야만용사(훨윈드 바바리안)/슬픔 (Grief)/죽어가는 자의 숨결 (Breath of the Dying)/아리앗의 얼굴 (Arreat's Face)/수수께끼 (Enigma)/인내(아머) (Fortitude)/강철찢개 (Steelrend)/베르둔고의 튼튼한 노끈 (Verdungo's Hearty Cord)/늑대 드루이드/무덤 강탈자 (Tomb Reaver)/잘랄의 갈기 (Jalal's Mane)/인내(아머) (Fortitude)/대군주의 진노 (Highlord's Wrath)/드라쿨의 손아귀 (Dracul's Grasp)/칠흑 서리 (Raven Frost)/베르둔고의 튼튼한 노끈 (Verdungo's Hearty Cord),부츠
329,골수걸음 본위브 부츠/(Marrowwalk Boneweave Boots) 51/엘리트/#메로우워커,방어력: 183 - 204 (기본 방어력: 59 - 67)/요구 레벨: 66/필요 힘: 118/내구도: 16/암살자 발차기 피해: 69-118/방어력 170-200% 증가/달리기/걷기 속도 +20%/+1-2 해골 숙련 (강령술사 전용)/힘 +10-20/민첩 +17/마나 재생 +10%/지구력 회복 +10%/빙결 지속시간 절반으로 감소/33 레벨 본 프리즌 (충전 13회)/12 레벨 라이프 탭 (충전 10회),소환 강령술사(조폭 네크로맨서)/야수 (Beast)/참나무의 심장 (Heart of the Oak)/영혼(방패) (Spirit)/할리퀸 관모 (Harlequin Crest)/수수께끼 (Enigma)/마라의 만화경 (Mara's Kaleidoscope)/트래그울의 발톱 (Trang-Oul's Claws),부츠
330,그림자 춤꾼 뮈르미돈 그리브즈/(Shadow Dancer Myrmidon Greaves) 19/엘리트/#쉐도우 댄서 #쉐댄,방어력: 122 - 144 (기본 방어력: 62 - 71)/요구 레벨: 71/필요 힘: 167/내구도: 24/암살자 발차기 피해: 83-149/방어력 70-100% 증가/+1-2 모든 그림자 단련 기술 레벨 (암살자 전용)/달리기/걷기 속도 +30%/타격 회복 속도 +30%/민첩 +15-25/착용 조건 -20%/(래더 전용),킥 암살자(킥 어쌔신)/폭풍채찍 (Stormlash)/푸른 서슬 (Azurewrath)/불사조(쉴드) (Phoenix)/수수께끼 (Enigma)/마라의 만화경 (Mara's Kaleidoscope)/강철찢개 (Steelrend),부츠
331,모래폭풍 여로 스캐럽쉘 부츠/(Sandstorm Trek Scarabshell Boots) 51/엘리트/#샌드스톰 트랙,방어력: 158 - 178 (기본 방어력: 56 - 65)/요구 레벨: 64/필요 힘: 91/내구도: 14/암살자 발차기 피해: 60-110/방어력 140-170% 증가/타격 회복 속도 +20%/달리기/걷기 속도 +20%/최대 지구력 +1-99 (캐릭터 레벨당 1)/힘 +10-15/활력 +10-15/지구력 고갈 속도 50% 감소/독 저항 +40-70%/내구도 1 회복 (20초마다),마법 직업군/마수 (Magefist)/영혼(방패) (Spirit)/마라의 만화경 (Mara's Kaleidoscope)/거미 그물띠 (Arachnid Mesh),부츠
332,레니모 섀시/(Lenymo Sash) 8/노멀,방어력: 2/요구 레벨: 7/내구도: 12/허리띠 크기: +4칸/마나 재생 +30%/모든 저항 +5/마나 +15/시야 +1,-,벨트
333,뱀노끈 라이트 벨트/(Snakecord Light Belt) 18/노멀/#스네이크코드,방어력: 14 - 15 (기본 방어력: 3)/요구 레벨: 12/내구도: 14/허리띠 크기: +4칸/방어력 20-30% 증가/방어력 +10/생명력 회복 +5/독 저항 +25%/독 지속 시간 50% 감소/독 피해 12 추가 (3초에 걸쳐),-,벨트
334,밤연기 벨트/(Nightsmoke Belt) 17/노멀/#나이트스모크,방어력: 22 - 24 (기본 방어력: 5)/요구 레벨: 20/필요 힘: 25/내구도: 16/허리띠 크기: +8칸/방어력 30-50% 증가/방어력 +15/받는 피해의 50%만큼 마나 회복/피해 2 감소/모든 저항 +10/마나 +20,-,벨트
335,금박 허리띠 헤비 벨트/(Goldwrap Heavy Belt) 51/노멀/#골드랩,방어력: 34 - 36 (기본 방어력: 6)/요구 레벨: 27/필요 힘: 45/내구도: 18/허리띠 크기: +8칸/방어력 40-60% 증가/방어력 +25/공격 속도 +10%/마법 아이템 발견 확률 30% 증가/괴물에게서 얻는 금화 50 - 80% 증가/시야 +2,삥 야만용사(삥 바바리안)/알리바바의 칼날 (Blade Of Ali Baba)/왜성 (Dwarf Star)/행운의 장갑 (Chance Guards)/마라의 만화경 (Mara's Kaleidoscope)/지옥불걸음 (Infernostride)/도둑의 왕관 (Crown of Thieves)/얼음 보주 원소술사(오브 소서리스)/망울 (The Oculus)/독사마술사의 가죽 (Skin of the Vipermagi)/마라의 만화경 (Mara's Kaleidoscope)/마수 (Magefist)/영혼(방패) (Spirit)/전쟁 여행자 (War Traveler),벨트
336,귀꿰미 데몬하이드 섀시/(String of Ears Demonhide Sash) 47/익셉셔널/#스트링 오브 이어스,방어력: 102 - 113 (기본 방어력: 29 - 34)/요구 레벨: 29/필요 힘: 20/내구도: 22/허리띠 크기: +12칸/방어력 150-180% 증가/방어력 +15/적중당 생명력 6-8% 훔침/피해 10 - 15% 감소/마법 피해 10-15 감소,-,벨트
337,서슬꼬리 샤크스킨 벨트/(Razortail Sharkskin Belt) 53/익셉셔널/#레이저테일 #관통 벨트,방어력: 96 - 107 (기본 방어력: 31 - 36)/요구 레벨: 32/필요 힘: 20/내구도: 14/허리띠 크기: +12칸/방어력 120-150% 증가/방어력 +15/최대 피해 +10/관통 33%/민첩 +15/공격자가 피해를 1-99 받음 (캐릭터 레벨당 1),투창 아마존(자벨린 아마존)/거인의 복수 (Titan's Revenge)/불사조(쉴드) (Phoenix)/수수께끼 (Enigma)/모래폭풍 여로 (Sandstorm Trek)/그리폰의 눈 (Griffon's Eye),벨트
338,칼날 죔쇠 플레이트 벨트/(Bladebuckle Plated Belt) 22/노멀/#브레이드버클,방어력: 51 - 54 (기본 방어력: 8 - 11)/요구 레벨: 29/필요 힘: 60/내구도: 24/허리띠 크기: +12칸/방어력 80-100% 증가/방어력 +30/타격 회복 속도 +30%/민첩 +10/힘 +5/피해 3 감소/공격자가 피해를 8 받음,-,벨트
339,어스름의 덫 메쉬 벨트/(Gloom's Trap Mesh Belt) 11/익셉셔널/#글룸스 트랩,방어력: 90 - 102 (기본 방어력: 35 - 40)/요구 레벨: 36/필요 힘: 58/내구도: 16/허리띠 크기: +12칸/방어력 120-150% 증가/적중당 마나 5% 훔침/최대 마나 15% 증가/마나 재생 +15%/활력 +15/시야 -3,-,벨트
340,눈싸움 배틀 벨트/(Snowclash Battle Belt) 43/익셉셔널/#스노우클래쉬,방어력: 98 - 116 (기본 방어력: 37 - 42)/요구 레벨: 42/필요 힘: 88/내구도: 18/허리띠 크기: +12칸/방어력 130-170% 증가/피격 시 5% 확률로 레벨 7-19 눈보라 시전/냉기 피해 15 흡수/최대 냉기 저항 +15%/냉기 피해 13 - 21 추가 (3초에 걸쳐)/+2 냉기 갑옷 (원소술사 전용)/+2 눈보라 (원소술사 전용)/+3 빙하 가시 (원소술사 전용),-,벨트
341,천둥 신의 박력 워 벨트/(Thundergod's Vigor War Belt) 79/익셉셔널/#선더갓의 비거,방어력: 137 - 159 (기본 방어력: 41 - 52)/요구 레벨: 47/필요 힘: 110/내구도: 24/허리띠 크기: +12칸/방어력 160-200% 증가/번개 피해 1-50 추가/피격 시 5% 확률로 레벨 7 천상의 주먹 시전/번개 피해 20 흡수/최대 번개 저항 +10%/힘 +20/활력 +20/+3 번개의 격노 (아마존 전용)/+3 번개의 일격 (아마존 전용),투창 아마존(자벨린 아마존)/거인의 복수 (Titan's Revenge)/불사조(쉴드) (Phoenix)/수수께끼 (Enigma)/모래폭풍 여로 (Sandstorm Trek)/그리폰의 눈 (Griffon's Eye),벨트
342,노스페라투의 고리 뱀파이어팽 벨트/(Nosferatu's Coil Vampirefang Belt) 58/엘리트/#노스페라투의 코일 #뱀파 벨트,방어력: 56 - 63/요구 레벨: 51/필요 힘: 50/내구도: 14/허리띠 크기: +12칸/대상 감속 10%/적 처치 시 마나 +2/적중당 생명력 5-7% 훔침/힘 +15/공격 속도 +10%/시야 -3,활 아마존/신념 (Faith)/바람살 (Windforce)/발키리 날개 (Valkyrie Wing)/수수께끼 (Enigma)/안수 (Laying of Hands)/전쟁 여행자 (War Traveler)/아트마의 스카라베 (Atma's Scarab)/소용돌이 야만용사(훨윈드 바바리안)/슬픔 (Grief)/죽어가는 자의 숨결 (Breath of the Dying)/아리앗의 얼굴 (Arreat's Face)/수수께끼 (Enigma)/인내(아머) (Fortitude)/강철찢개 (Steelrend),벨트
343,베르둔고의 튼튼한 노끈 미스릴 코일/(Verdungo's Hearty Cord Mithril Coil) 28/엘리트/#베르던고의 하티 코드 #미스릴 벨트,방어력: 125 - 158 (기본 방어력: 58 - 65)/요구 레벨: 63/필요 힘: 106/내구도: 16/허리띠 크기: +12칸/방어력 90-140% 증가/타격 회복 속도 +10%/활력 +30-40/생명력 회복 +10-13/최대 지구력 +100-120/피해 10 - 15% 감소,소용돌이 야만용사(훨윈드 바바리안)/슬픔 (Grief)/죽어가는 자의 숨결 (Breath of the Dying)/아리앗의 얼굴 (Arreat's Face)/수수께끼 (Enigma)/인내(아머) (Fortitude)/강철찢개 (Steelrend)/강타 성기사(스마이트 팔라딘)/마지막 소원 (Last Wish)/슬픔 (Grief)/추방 (Exile)/수수께끼 (Enigma)/마라의 만화경 (Mara's Kaleidoscope)/드라쿨의 손아귀 (Dracul's Grasp)/고블린 발가락 (Goblin Toe)/늑대 드루이드/무덤 강탈자 (Tomb Reaver)/잘랄의 갈기 (Jalal's Mane)/인내(아머) (Fortitude)/대군주의 진노 (Highlord's Wrath)/드라쿨의 손아귀 (Dracul's Grasp)/칠흑 서리 (Raven Frost),벨트
344,거미 그물띠 스파이더웹 섀시/(Arachnid Mesh Spiderweb Sash) 103/엘리트/#아라크니드 메쉬 #스웹 #스웹 벨트,방어력: 119 - 138 (기본 방어력: 55 - 62)/요구 레벨: 80/필요 힘: 50/내구도: 12/허리띠 크기: +12칸/방어력 90-120% 증가/대상 감속 10%/+1 모든 기술 레벨/시전 속도 +20%/최대 마나 5% 증가/3 레벨 베넘 (충전 11회),망치 성기사(해머 팔라딘)/마라의 만화경 (Mara's Kaleidoscope)/마수 (Magefist)/전쟁 여행자 (War Traveler)/수수께끼 (Enigma)/영혼(방패) (Spirit)/참나무의 심장 (Heart of the Oak)/할리퀸 관모 (Harlequin Crest)/번개 원소술사(체라 소서리스)/마라의 만화경 (Mara's Kaleidoscope)/마수 (Magefist)/전쟁 여행자 (War Traveler)/수수께끼 (Enigma)/영혼(방패) (Spirit)/요르단의 반지 (Stone of Jordan)/독 강령술사(독 네크로맨서)/죽음의 거미줄 (Death's Web)/수수께끼 (Enigma)/마라의 만화경 (Mara's Kaleidoscope)/트래그울의 발톱 (Trang-Oul's Claws)/요르단의 반지 (Stone of Jordan),벨트
345,그리폰의 눈 다이어뎀/(Griffon's Eye Diadem) 68/엘리트/#그리폰의 아이 #유닉 다뎀 #유니크 다뎀,방어력: 150 - 260 (기본 방어력: 50 - 60)/요구 레벨: 76/내구도: 20/방어력 +100-200/+1 모든 기술 레벨/시전 속도 +25%/대상의 번개 저항 -15-20%/번개 기술 피해 +10-15%,번개 원소술사(체라 소서리스)/에슈타의 성미 (Eschuta's Temper)/불사조(쉴드) (Phoenix)/명예의 굴레 (Chains of Honor)/마라의 만화경 (Mara's Kaleidoscope)/마수 (Magefist)/요르단의 반지 (Stone of Jordan)/모래폭풍 여로 (Sandstorm Trek)/투창 아마존(자벨린 아마존)/거인의 복수 (Titan's Revenge)/불사조(쉴드) (Phoenix)/수수께끼 (Enigma)/모래폭풍 여로 (Sandstorm Trek)/천둥 신의 박력 (Thundergod's Vigor),서클릿
346,키라의 수호자 티아라/(Kira's Guardian Tiara) 50/익셉셔널/#기라의 가디안,방어력: 90 - 170 (기본 방어력: 40 - 50)/요구 레벨: 77/내구도: 25/방어력 +50-120/타격 회복 속도 +20%/모든 저항 +50-70/빙결되지 않음,-,서클릿
347,나겔링 반지/(Nagelring) 18/노멀,마법 피해 3 감소/명중률 +50-75/공격자가 피해를 3 받음/마법 아이템 발견 확률 15-30% 증가,-,반지
348,마날드 치유/(Manald Heal) 34/노멀/#머날드 힐,적중당 마나 4-7% 훔침/생명력 회복 +5-8/마나 재생 +20%/생명력 +20,-,반지
349,부패의 바람/(Carrion Wind) 40/엘리트/#캐리언 윈드,피격 시 10% 확률로 레벨 10 포이즌 노바 시전/타격 시 8% 확률로 레벨 7 돌개바람 시전/적중당 생명력 6-9% 훔침/원거리 공격 방어력 +100-160/독 저항 +55%/받는 피해의 10%만큼 마나 회복/21 레벨 맹독 덩굴 (충전 15회),-,반지
350,불카토스의 결혼반지/(Bul-Kathos' Wedding Band) 27/엘리트/#발카서스의 웨딩 밴드,+1 모든 기술 레벨/생명력 +0-49 (캐릭터 레벨당 0.5)/적중당 생명력 3-5% 훔침/최대 지구력 +50,망치 성기사(해머 팔라딘)/마라의 만화경 (Mara's Kaleidoscope)/수수께끼 (Enigma)/영혼(방패) (Spirit)/거미 그물띠 (Arachnid Mesh)/참나무의 심장 (Heart of the Oak)/할리퀸 관모 (Harlequin Crest)/전쟁 여행자 (War Traveler)/마수 (Magefist)/강타 성기사(스마이트 팔라딘)/마지막 소원 (Last Wish)/슬픔 (Grief)/추방 (Exile)/수수께끼 (Enigma)/마라의 만화경 (Mara's Kaleidoscope)/드라쿨의 손아귀 (Dracul's Grasp)/고블린 발가락 (Goblin Toe)/베르둔고의 튼튼한 노끈 (Verdungo's Hearty Cord),반지
351,왜성/(Dwarf Star) 20/익셉셔널/#드와프 스타,생명력 +40/최대 지구력 +40/지구력 회복 +15%/화염 피해 15 흡수/마법 피해 12-15 감소/괴물에게서 얻는 금화 100% 증가,삥 야만용사(삥 바바리안)/알리바바의 칼날 (Blade Of Ali Baba)/왜성 (Dwarf Star)/마라의 만화경 (Mara's Kaleidoscope)/지옥불걸음 (Infernostride)/도둑의 왕관 (Crown of Thieves)/금박 허리띠 (Goldwrap)/행운의 장갑 (Chance Guards),반지
352,요르단의 반지/(Stone of Jordan) 71/익셉셔널/#더 스톤 오브 조던,+1 모든 기술 레벨/최대 마나 25% 증가/번개 피해 +1-12/마나 +20,마법 직업군/마수 (Magefist)/영혼(방패) (Spirit)/마라의 만화경 (Mara's Kaleidoscope)/거미 그물띠 (Arachnid Mesh),반지
353,위습 투사기/(Wisp Projector) 15/엘리트/#위스프 프로젝터,타격 시 10% 확률로 레벨 16 번개 시전/번개 피해 10 - 20 흡수/마법 아이템 발견 확률 10-20% 증가/7 레벨 가시의 영혼 (충전 11회)/5 레벨 울버린의 심장 (충전 13회)/2 레벨 참나무 현자 (충전 15회),-,반지
354,자연의 평화/(Nature's Peace) 23/엘리트/#네이춰스 피스,평화를 되찾기위해 몬스터들을 무찔러라/괴물 회복 저지/독 저항 +20-30%/피해 7 - 11 감소/5 레벨 참나무 현자 (충전 27회)/(래더 전용),-,반지
355,칠흑 서리/(Raven Frost) 53/익셉셔널/#레이븐 프로스트,명중률 +150-250/냉기 피해 15 - 45 추가 (4초에 걸쳐)/빙결되지 않음/민첩 +15-20/마나 +40/냉기 피해 20 흡수,근접 직업군/선혈 기수 (Gore Rider)/강철찢개 (Steelrend)/베르둔고의 튼튼한 노끈 (Verdungo's Hearty Cord)/드라쿨의 손아귀 (Dracul's Grasp),반지
356,고양이 눈/(The Cat's Eye) 27/익셉셔널/#캐츠 아이,달리기/걷기 속도 +30%/공격 속도 +20%/원거리 공격 방어력 +100/방어력 +100/민첩 +25,-,목걸이
357,금속 격자/(Metalgrid) 13/엘리트/#메탈그리드,명중률 +400-450/22 레벨 아이언 골렘 (충전 11회)/12 레벨 가시 박힌 철관 (충전 20회)/모든 저항 +25-35/방어력 +300-350/(래더 전용),-,목걸이
358,노코잔 유물/(Nokozan Relic) 29/노멀/#노코잔 렐릭,타격 회복 속도 +20%/화염 저항 +50%/최대 화염 저항 +10%/화염 피해 3 - 6 추가/시야 +3,-,목걸이
359,대군주의 진노/(Highlord's Wrath) 43/엘리트/#하이로드의 래쓰,+1 모든 기술 레벨/공격 속도 +20%/치명적 공격 0 - 37% (캐릭터 레벨당 0.375)/번개 저항 +35%/번개 피해 1-30 추가/공격자가 번개 피해를 15 받음,소용돌이 야만용사(훨윈드 바바리안)/슬픔 (Grief)/죽어가는 자의 숨결 (Breath of the Dying)/수수께끼 (Enigma)/인내(아머) (Fortitude)/강철찢개 (Steelrend)/베르둔고의 튼튼한 노끈 (Verdungo's Hearty Cord)/선혈 기수 (Gore Rider)/아리앗의 얼굴 (Arreat's Face)/늑대 드루이드/무덤 강탈자 (Tomb Reaver)/인내(아머) (Fortitude)/드라쿨의 손아귀 (Dracul's Grasp)/칠흑 서리 (Raven Frost)/베르둔고의 튼튼한 노끈 (Verdungo's Hearty Cord)/선혈 기수 (Gore Rider)/잘랄의 갈기 (Jalal's Mane),목걸이
360,떠오르는 태양/(The Rising Sun) 21/엘리트/#라이징 선,+2 모든 화염 주문 기술 레벨/피격 시 2% 확률로 레벨 13-19 운석 낙하 시전/화염 피해 0 - 74 흡수 (캐릭터 레벨당 0.75)/화염 피해 24 - 48 추가/생명력 회복 +10/시야 +4,-,목걸이
361,마라의 만화경/(Mara's Kaleidoscope) 121/엘리트/#마라의 컬라이더스코프,+2 모든 기술 레벨/모든 저항 +20-30/모든 능력치 +5,전체 직업/요르단의 반지 (Stone of Jordan)/거미 그물띠 (Arachnid Mesh)/수수께끼 (Enigma)/전쟁 여행자 (War Traveler)/마수 (Magefist),목걸이
362,마힘오크 수집품/(The Mahim-Oak Curio) 29/노멀/#더 마힘 오크 큐리오우,방어력 +10/방어력 10% 증가/명중률 보너스 10%/모든 저항 +10/모든 능력치 +10,-,목걸이
363,사라센의 기회/(Saracen's Chance) 13/익셉셔널/#사라센의 찬스,피격 시 10% 확률로 레벨 2 가시 박힌 철관 시전/모든 저항 +15-25/모든 능력치 +12,-,목걸이
364,아트마의 스카라베/(Atma's Scarab) 63/익셉셔널/#아트마의 스캐럽,타격 시 5% 확률로 레벨 2 피해 증폭 시전/명중률 보너스 20%/독 피해 40 추가 (4초에 걸쳐)/독 저항 +75%/시야 +3/공격자가 피해를 5 받음,활 아마존/신념 (Faith)/바람살 (Windforce)/노스페라투의 고리 (Nosferatu's Coil)/발키리 날개 (Valkyrie Wing)/수수께끼 (Enigma)/안수 (Laying of Hands)/전쟁 여행자 (War Traveler),목걸이
365,에틀리크의 눈/(The Eye of Etlich) 12/노멀/#더 아이 오브 에틀릭,시야 +1-5/+1 모든 기술 레벨/적중당 생명력 3-7% 훔침/냉기 피해 (1-2) - (3-5) 추가/빙결 2-10초/원거리 공격 방어력 +10-40,-,목걸이
366,천사의 찬송가/(Seraph's Hymn) 19/엘리트/#세라프의 힘,+2 모든 기술 레벨/+1-2 모든 방어 오라 기술 레벨 (성기사 전용)/악마에게 주는 피해 +25-50%/악마에 대한 명중률 +150-250/언데드에게 주는 피해 +25-50%/언데드에 대한 명중률 +150-250/시야 +2,-,목걸이
367,초승달/(Crescent Moon) 31/익셉셔널,받는 피해의 10%만큼 마나 회복/마나 +45/적중당 생명력 3-6% 훔침/적중당 마나 11-15% 훔침/마법 피해 10 감소/시야 -2,-,목걸이
368,무지개 자락 주얼/(Rainbow Facet(Blizzard) Jewel) 19/#레인보우 패시트(블리자드),100% 기회로 레벨 37 블리자드 시전 (당신이 죽은 경우)/24-38 콜드 데미지 추가/+3-5% 콜드 스킬 데미지에 대하여 (변함)/-(3-5)% 적의 콜드 레지스트에 대하여 (변함),-,주얼
369,무지개 자락 주얼/(Rainbow Facet(Chain Lightning) Jewel) 12/#레인보우 패시트(체인 라이트닝),100% 기회로 레벨 47 체인 라이트닝 시전 (당신이 죽은 경우)/1-74 라이트닝 데미지 추가/+3-5% 라이트닝 스킬 데미지에 대하여 (변함)/-(3-5)% 적의 라이트닝 레지스트에 대하여 (변함),-,주얼
370,무지개 자락 주얼/(Rainbow Facet(Metor) Jewel) 5/#레인보우 패시트(메테오),100% 기회로 레벨 31 메테오 시전 (당신이 죽은 경우)/17-45 파이어 데미지 추가/+3-5% 파이어 스킬 데미지에 대하여 (변함)/-(3-5)% 적의 파이어 레지스트에 대하여 (변함),-,주얼
371,무지개 자락 주얼/(Rainbow Facet(Frost Nova) Jewel) 5/#레인보우 패시트(프로스트 노바),100% 기회로 레벨 43 프로스트 노바 시전 (당신의 레벨이 상승한 경우)/24-38 콜드 데미지 추가/+3-5% 콜드 스킬 데미지에 대하여 (변함)/-(3-5)% 적의 콜드 레지스트에 대하여 (변함),-,주얼
372,무지개 자락 주얼/(Rainbow Facet(Nova) Jewel) 3/#레인보우 패시트(노바),100% 기회로 레벨 41 노바 시전 (당신의 레벨이 상승한 경우)/1-74 라이트닝 데미지 추가/+3-5% 라이트닝 스킬 데미지에 대하여 (변함)/-(3-5)% 적의 라이트닝 레지스트에 대하여 (변함),-,주얼
373,무지개 자락 주얼/(Rainbow Facet(Venom) Jewel) 6/#레인보우 패시트(베넘),100% 기회로 레벨 23 베넘 시전 (당신의 레벨이 상승한 경우)/2초간 매초당 +37 포이즌 데미지 추가/+3-5% 포이즌 스킬 데미지에 대하여 (변함)/-(3-5)% 적의 포이즌 레지스트에 대하여 (변함),-,주얼
374,무지개 자락 주얼/(Rainbow Facet(Poison Nova) Jewel) 5/#레인보우 패시트(포이즌 노바),100% 기회로 레벨 51 포이즌 노바 시전 (당신이 죽은 경우)/2초간 매초당 +37 포이즌 데미지 추가/+3-5% 포이즌 스킬 데미지에 대하여 (변함)/-(3-5)% 적의 포이즌 레지스트에 대하여 (변함),-,주얼
375,무지개 자락 주얼/(Rainbow Facet(Blaze) Jewel) 1/#레인보우 패시트(블레이즈),100% 기회로 레벨 29 블레이즈 시전 (당신의 레벨이 상승한 경우)/17-45 파이어 데미지 추가/+3-5% 파이어 스킬 데미지에 대하여 (변함)/-(3-5)% 적의 파이어 레지스트에 대하여 (변함),-,주얼
376,기드의 행운 거대 부적/(Gheed's Fortune Grand Charm) 31/#기드참,소지품에 보관 시 보너스 획득/요구 레벨: 62/괴물에게서 얻는 금화 80~160% 증가/마법 아이템 발견 확률 20~40% 증가/상점 물품 가격 10~15% 하락,-,부적
377,어나이얼러스 작은 부적/(Annihilus Small Charm) 9/#애니참,소지품에 보관 시 보너스 획득/요구 레벨: 70/모든 기술 +1/모든 능력치 +10~20/모든 저항 +10~20/경험치 획득량 +5~10%,-,부적
378,지옥불 횃불 큰 부적/(Hellfire Torch Large Charm) 7,소지품에 보관 시 보너스 획득/요구 레벨: 75/타격 시 5% 확률로 10 레벨 화염폭풍 시전/직업 기술 레벨 +3/모든 능력치 +10~20/모든 저항 +10~20/시야 +8/30 레벨 히드라(충전 10/10회),-,부적
